[{"id":1,"vin":"SCFFDABE0AG477213","make":"BMW","model":"x1","year":2020,"color":"white"},
{"id":2,"vin":"1C4AJWAG4EL463068","make":"BMW","model":"x1","year":2015,"color":"brown"},
{"id":3,"vin":"3D73Y4HL7BG660097","make":"BMW","model":"x1","year":2020,"color":"silver"},
{"id":4,"vin":"JN1AZ4EH7FM644521","make":"BMW","model":"3-series","year":2015,"color":"space grey"},
{"id":5,"vin":"1GKS1HE09BR995393","make":"BMW","model":"x5","year":2019,"color":"space grey"},
{"id":6,"vin":"WAUYGAFCXDN596682","make":"BMW","model":"x5","year":2019,"color":"silver"},
{"id":7,"vin":"1G4CU541134675544","make":"BMW","model":"x1","year":2015,"color":"black"},
{"id":8,"vin":"WBADX7C57DJ480354","make":"BMW","model":"x4","year":2017,"color":"black"},
{"id":9,"vin":"1FMJU1G58AE141623","make":"BMW","model":"x3","year":2014,"color":"blue"},
{"id":10,"vin":"1G4GH5G31CF036183","make":"BMW","model":"m-series","year":2018,"color":"blue"},
{"id":11,"vin":"JN1AZ4EH2DM624030","make":"BMW","model":"x3","year":2018,"color":"blue"},
{"id":12,"vin":"3VW517AT1EM257240","make":"BMW","model":"x3","year":2016,"color":"silver"},
{"id":13,"vin":"1GYS4FEJ0DR046389","make":"BMW","model":"x1","year":2014,"color":"white"},
{"id":14,"vin":"1N6AA0CC4FN949728","make":"BMW","model":"5-series","year":2019,"color":"silver"},
{"id":15,"vin":"1C3CDFEB8ED962209","make":"BMW","model":"x3","year":2015,"color":"white"},
{"id":16,"vin":"2G4GT5GK0C9314649","make":"BMW","model":"m-series","year":2016,"color":"white"},
{"id":17,"vin":"4T3BA3BB7CU730915","make":"BMW","model":"x5","year":2019,"color":"white"},
{"id":18,"vin":"WA1C8BFP6FA860553","make":"BMW","model":"6-series","year":2020,"color":"silver"},
{"id":19,"vin":"1N6AF0LY1FN753291","make":"BMW","model":"5-series","year":2015,"color":"red"},
{"id":20,"vin":"WBA3C1G54DN159525","make":"BMW","model":"m-series","year":2015,"color":"white"},
{"id":21,"vin":"5GAKRCKD3DJ893749","make":"BMW","model":"m-series","year":2019,"color":"brown"},
{"id":22,"vin":"SCBFU7ZA1FC273946","make":"BMW","model":"3-series","year":2020,"color":"silver"},
{"id":23,"vin":"WUARL48H16K873658","make":"BMW","model":"x4","year":2019,"color":"brown"},
{"id":24,"vin":"WA1EV74L88D929145","make":"BMW","model":"x1","year":2018,"color":"red"},
{"id":25,"vin":"1C3CDFEB0ED696619","make":"BMW","model":"x3","year":2019,"color":"blue"},
{"id":26,"vin":"YV4902DZ9D2318895","make":"BMW","model":"x4","year":2016,"color":"white"},
{"id":27,"vin":"WAUEF78E87A571265","make":"BMW","model":"x1","year":2018,"color":"space grey"},
{"id":28,"vin":"2V4RW3DG3BR743488","make":"BMW","model":"3-series","year":2017,"color":"black"},
{"id":29,"vin":"5J8TB4H34EL789659","make":"BMW","model":"3-series","year":2020,"color":"space grey"},
{"id":30,"vin":"2T1KU4EE6DC565079","make":"BMW","model":"5-series","year":2015,"color":"space grey"},
{"id":31,"vin":"3D73Y3CL1BG997155","make":"BMW","model":"6-series","year":2016,"color":"space grey"},
{"id":32,"vin":"JHMZE2H58DS420957","make":"BMW","model":"m-series","year":2019,"color":"white"},
{"id":33,"vin":"WAUCFAFH5DN943909","make":"BMW","model":"m-series","year":2020,"color":"blue"},
{"id":34,"vin":"KMHGH4JH2FU784908","make":"BMW","model":"x4","year":2016,"color":"space grey"},
{"id":35,"vin":"WVWAP7ANXDE251197","make":"BMW","model":"x1","year":2016,"color":"brown"},
{"id":36,"vin":"WBALM735X9E516459","make":"BMW","model":"m-series","year":2014,"color":"white"},
{"id":37,"vin":"1VWAH7A35CC172202","make":"BMW","model":"x5","year":2014,"color":"black"},
{"id":38,"vin":"JN1AY1AR0CM940492","make":"BMW","model":"x1","year":2016,"color":"white"},
{"id":39,"vin":"1C4NJCBA2DD891353","make":"BMW","model":"x3","year":2016,"color":"red"},
{"id":40,"vin":"KMHHT6KJXFU046080","make":"BMW","model":"3-series","year":2015,"color":"brown"},
{"id":41,"vin":"WAUJ2AFD3FN685490","make":"BMW","model":"x4","year":2014,"color":"brown"},
{"id":42,"vin":"1GTN1TEX8DZ826140","make":"BMW","model":"x5","year":2015,"color":"blue"},
{"id":43,"vin":"YV426MDB2F2975412","make":"BMW","model":"x5","year":2014,"color":"silver"},
{"id":44,"vin":"2C3CDZFJ2FH863607","make":"BMW","model":"5-series","year":2015,"color":"silver"},
{"id":45,"vin":"2G4GR5EK9C9361213","make":"BMW","model":"x1","year":2018,"color":"blue"},
{"id":46,"vin":"3N1CN7AP3EK884599","make":"BMW","model":"6-series","year":2019,"color":"black"},
{"id":47,"vin":"WAUEKBFB4AN993282","make":"BMW","model":"3-series","year":2015,"color":"silver"},
{"id":48,"vin":"1GD11ZCG3CF337712","make":"BMW","model":"x4","year":2020,"color":"space grey"},
{"id":49,"vin":"1FTSF3A52AE202178","make":"BMW","model":"6-series","year":2014,"color":"space grey"},
{"id":50,"vin":"YV1612FH4E1997788","make":"BMW","model":"6-series","year":2016,"color":"black"},
{"id":51,"vin":"WBSBR93422E906229","make":"BMW","model":"3-series","year":2019,"color":"silver"},
{"id":52,"vin":"5UXWX7C58E0227383","make":"BMW","model":"5-series","year":2018,"color":"red"},
{"id":53,"vin":"1N6AD0CW9EN565668","make":"BMW","model":"3-series","year":2015,"color":"blue"},
{"id":54,"vin":"1N6AA0CC0DN894563","make":"BMW","model":"x4","year":2015,"color":"silver"},
{"id":55,"vin":"WAUBFCFL6CN485811","make":"BMW","model":"5-series","year":2016,"color":"space grey"},
{"id":56,"vin":"WAUKG98E36A256089","make":"BMW","model":"5-series","year":2016,"color":"space grey"},
{"id":57,"vin":"WAUDFBFL0AN889378","make":"BMW","model":"x1","year":2020,"color":"space grey"},
{"id":58,"vin":"1GD21XEG5FZ089584","make":"BMW","model":"x5","year":2020,"color":"red"},
{"id":59,"vin":"JTDKN3DP3D3609834","make":"BMW","model":"x4","year":2015,"color":"red"},
{"id":60,"vin":"WAUTFAFH5CN515577","make":"BMW","model":"m-series","year":2017,"color":"silver"},
{"id":61,"vin":"1G6AH5SX4E0785721","make":"BMW","model":"3-series","year":2015,"color":"white"},
{"id":62,"vin":"5N1AR2MM2FC606809","make":"BMW","model":"5-series","year":2019,"color":"red"},
{"id":63,"vin":"1G6KF54922U444279","make":"BMW","model":"5-series","year":2015,"color":"red"},
{"id":64,"vin":"1GYS3AEF4DR225763","make":"BMW","model":"x5","year":2015,"color":"space grey"},
{"id":65,"vin":"JH4CL95895C990710","make":"BMW","model":"x3","year":2014,"color":"space grey"},
{"id":66,"vin":"YV1940AS5D1654174","make":"BMW","model":"5-series","year":2014,"color":"black"},
{"id":67,"vin":"19UUA56973A184208","make":"BMW","model":"x4","year":2019,"color":"black"},
{"id":68,"vin":"WA1VMAFEXBD141733","make":"BMW","model":"6-series","year":2014,"color":"space grey"},
{"id":69,"vin":"19VDE2E5XDE122549","make":"BMW","model":"3-series","year":2018,"color":"brown"},
{"id":70,"vin":"JTHBK1GG8D1878382","make":"BMW","model":"6-series","year":2020,"color":"space grey"},
{"id":71,"vin":"5GAKRBKD1FJ392310","make":"BMW","model":"x4","year":2014,"color":"brown"},
{"id":72,"vin":"2HNYD2H3XCH027816","make":"BMW","model":"5-series","year":2019,"color":"black"},
{"id":73,"vin":"JHMZE2H77ES038731","make":"BMW","model":"x5","year":2020,"color":"silver"},
{"id":74,"vin":"5LMJJ3H58CE874745","make":"BMW","model":"5-series","year":2016,"color":"white"},
{"id":75,"vin":"TRURD28N261245477","make":"BMW","model":"x3","year":2017,"color":"red"},
{"id":76,"vin":"2G4WB52K611761505","make":"BMW","model":"3-series","year":2015,"color":"silver"},
{"id":77,"vin":"WAUEF98E58A091732","make":"BMW","model":"5-series","year":2019,"color":"brown"},
{"id":78,"vin":"JH4DC54845S358363","make":"BMW","model":"x5","year":2014,"color":"space grey"},
{"id":79,"vin":"137FA84351E180660","make":"BMW","model":"x4","year":2014,"color":"space grey"},
{"id":80,"vin":"JH4DC53033S773747","make":"BMW","model":"x4","year":2019,"color":"space grey"},
{"id":81,"vin":"JN1CV6FE0EM194164","make":"BMW","model":"3-series","year":2018,"color":"black"},
{"id":82,"vin":"5NPET4AC3AH625817","make":"BMW","model":"x1","year":2014,"color":"space grey"},
{"id":83,"vin":"KMHD35LH1FU004613","make":"BMW","model":"x4","year":2017,"color":"white"},
{"id":84,"vin":"WBA3V5C52FP559002","make":"BMW","model":"x1","year":2017,"color":"blue"},
{"id":85,"vin":"1C3BC8EG5BN131276","make":"BMW","model":"m-series","year":2014,"color":"space grey"},
{"id":86,"vin":"3D73Y3CLXAG739344","make":"BMW","model":"x5","year":2018,"color":"space grey"},
{"id":87,"vin":"2C3CCAFJ9DH742915","make":"BMW","model":"x3","year":2020,"color":"white"},
{"id":88,"vin":"3N1CE2CP7FL414149","make":"BMW","model":"x5","year":2017,"color":"brown"},
{"id":89,"vin":"WAUSF98K09A719755","make":"BMW","model":"x3","year":2018,"color":"black"},
{"id":90,"vin":"5FRYD3H63FB233588","make":"BMW","model":"6-series","year":2016,"color":"white"},
{"id":91,"vin":"3GYFNAE32FS668351","make":"BMW","model":"x3","year":2020,"color":"space grey"},
{"id":92,"vin":"1FTEW1CF3FF521811","make":"BMW","model":"m-series","year":2017,"color":"red"},
{"id":93,"vin":"JTHDU5EF7C5177974","make":"BMW","model":"5-series","year":2017,"color":"white"},
{"id":94,"vin":"WAUWGAFB6BN161430","make":"BMW","model":"m-series","year":2019,"color":"white"},
{"id":95,"vin":"WAUKF98E38A191301","make":"BMW","model":"6-series","year":2020,"color":"blue"},
{"id":96,"vin":"WAUWFAFL2BA858371","make":"BMW","model":"x5","year":2017,"color":"blue"},
{"id":97,"vin":"5NPDH4AEXEH164877","make":"BMW","model":"x1","year":2018,"color":"white"},
{"id":98,"vin":"1D7RB1CT2AS385201","make":"BMW","model":"x1","year":2016,"color":"brown"},
{"id":99,"vin":"WUADUAFG9CN156242","make":"BMW","model":"5-series","year":2019,"color":"blue"},
{"id":100,"vin":"4T1BF3EKXAU616426","make":"BMW","model":"3-series","year":2019,"color":"black"},
{"id":101,"vin":"3D7TT2CTXAG428263","make":"BMW","model":"x1","year":2018,"color":"white"},
{"id":102,"vin":"1G6KD57956U659968","make":"BMW","model":"m-series","year":2016,"color":"brown"},
{"id":103,"vin":"2G61N5S33D9215848","make":"BMW","model":"3-series","year":2020,"color":"red"},
{"id":104,"vin":"JM1NC2JF5E0933377","make":"BMW","model":"5-series","year":2016,"color":"black"},
{"id":105,"vin":"3D7TP2CT1BG547907","make":"BMW","model":"x3","year":2016,"color":"brown"},
{"id":106,"vin":"1G6AF5S38D0056042","make":"BMW","model":"m-series","year":2019,"color":"black"},
{"id":107,"vin":"1GD311CG0FF679391","make":"BMW","model":"x4","year":2016,"color":"black"},
{"id":108,"vin":"SALWR2VF4FA374115","make":"BMW","model":"6-series","year":2018,"color":"brown"},
{"id":109,"vin":"19VDE3F30EE264039","make":"BMW","model":"3-series","year":2018,"color":"space grey"},
{"id":110,"vin":"3GYFNDE38FS846653","make":"BMW","model":"x4","year":2017,"color":"brown"},
{"id":111,"vin":"JM3TB2MA7A0432664","make":"BMW","model":"5-series","year":2019,"color":"blue"},
{"id":112,"vin":"WAUET48H76K556220","make":"BMW","model":"6-series","year":2015,"color":"black"},
{"id":113,"vin":"KNAFX5A81E5796627","make":"BMW","model":"5-series","year":2017,"color":"brown"},
{"id":114,"vin":"JN8AE2KP0B9860916","make":"BMW","model":"x1","year":2020,"color":"blue"},
{"id":115,"vin":"KMHHT6KDXBU485929","make":"BMW","model":"5-series","year":2019,"color":"brown"},
{"id":116,"vin":"2HNYD18821H425329","make":"BMW","model":"x4","year":2017,"color":"space grey"},
{"id":117,"vin":"WAUUL98E87A089251","make":"BMW","model":"6-series","year":2017,"color":"red"},
{"id":118,"vin":"WAUGVAFR7CA217889","make":"BMW","model":"x4","year":2016,"color":"silver"},
{"id":119,"vin":"WBS3C9C55FP442653","make":"BMW","model":"x4","year":2016,"color":"white"},
{"id":120,"vin":"1FTEX1CM9DK388066","make":"BMW","model":"3-series","year":2018,"color":"white"},
{"id":121,"vin":"WVGAV7AX9AW954105","make":"BMW","model":"3-series","year":2019,"color":"white"},
{"id":122,"vin":"1N6AA0CC3FN681156","make":"BMW","model":"x3","year":2016,"color":"blue"},
{"id":123,"vin":"WBAGJ03441D457430","make":"BMW","model":"m-series","year":2015,"color":"black"},
{"id":124,"vin":"1GYUCJEF1AR700273","make":"BMW","model":"6-series","year":2016,"color":"space grey"},
{"id":125,"vin":"1FMJK1F51DE690740","make":"BMW","model":"x5","year":2017,"color":"red"},
{"id":126,"vin":"1GYS4AEF7BR155301","make":"BMW","model":"x3","year":2016,"color":"silver"},
{"id":127,"vin":"1C4SDHCT8CC812540","make":"BMW","model":"3-series","year":2017,"color":"white"},
{"id":128,"vin":"WBA3G7C54EF405482","make":"BMW","model":"5-series","year":2015,"color":"space grey"},
{"id":129,"vin":"1G6KF54955U998548","make":"BMW","model":"x1","year":2019,"color":"silver"},
{"id":130,"vin":"WBAWV53529P035673","make":"BMW","model":"3-series","year":2018,"color":"white"},
{"id":131,"vin":"WAUNF78P18A736737","make":"BMW","model":"x4","year":2018,"color":"blue"},
{"id":132,"vin":"WBAPT73538C186436","make":"BMW","model":"5-series","year":2019,"color":"white"},
{"id":133,"vin":"JN1CV6EL1EM996383","make":"BMW","model":"x5","year":2019,"color":"space grey"},
{"id":134,"vin":"WAUWFAFR9DA873473","make":"BMW","model":"5-series","year":2015,"color":"silver"},
{"id":135,"vin":"WAUNF78P76A789794","make":"BMW","model":"x4","year":2016,"color":"red"},
{"id":136,"vin":"19UUA9F29AA069097","make":"BMW","model":"x3","year":2015,"color":"red"},
{"id":137,"vin":"1G4GD5G38FF028307","make":"BMW","model":"x3","year":2019,"color":"red"},
{"id":138,"vin":"YV1852AR4A1484256","make":"BMW","model":"x3","year":2014,"color":"white"},
{"id":139,"vin":"WAUJC58E15A471968","make":"BMW","model":"m-series","year":2016,"color":"silver"},
{"id":140,"vin":"WAULK98K39N160422","make":"BMW","model":"x3","year":2020,"color":"red"},
{"id":141,"vin":"WAUEF78E68A045010","make":"BMW","model":"x1","year":2014,"color":"white"},
{"id":142,"vin":"3VW4A7AT1DM588958","make":"BMW","model":"x4","year":2014,"color":"blue"},
{"id":143,"vin":"3VW117AU9FM356946","make":"BMW","model":"6-series","year":2017,"color":"blue"},
{"id":144,"vin":"1FTWX3B57AE098249","make":"BMW","model":"5-series","year":2019,"color":"white"},
{"id":145,"vin":"1GD21XEG2FZ744381","make":"BMW","model":"x3","year":2014,"color":"white"},
{"id":146,"vin":"WVGAV7AX4BW671886","make":"BMW","model":"m-series","year":2015,"color":"red"},
{"id":147,"vin":"JN1BJ0HR7FM075176","make":"BMW","model":"6-series","year":2015,"color":"silver"},
{"id":148,"vin":"1FTSF3A54AE013340","make":"BMW","model":"x1","year":2020,"color":"white"},
{"id":149,"vin":"WAUNF78P28A006271","make":"BMW","model":"x5","year":2018,"color":"silver"},
{"id":150,"vin":"JN1CV6EK7EM333116","make":"BMW","model":"x4","year":2017,"color":"red"},
{"id":151,"vin":"WAUMV94E99N577507","make":"BMW","model":"x4","year":2017,"color":"black"},
{"id":152,"vin":"WAU3FAFRXCA897461","make":"BMW","model":"6-series","year":2016,"color":"blue"},
{"id":153,"vin":"1FMHK7B80BG842915","make":"BMW","model":"x5","year":2018,"color":"brown"},
{"id":154,"vin":"3VWA17AU2FM452837","make":"BMW","model":"x1","year":2017,"color":"space grey"},
{"id":155,"vin":"5N1AT2MK7FC959403","make":"BMW","model":"x5","year":2018,"color":"white"},
{"id":156,"vin":"1GKS1CKJ3FR944008","make":"BMW","model":"3-series","year":2018,"color":"brown"},
{"id":157,"vin":"WAU4GAFBXBN806104","make":"BMW","model":"m-series","year":2016,"color":"white"},
{"id":158,"vin":"JH4DB75621S253018","make":"BMW","model":"3-series","year":2016,"color":"red"},
{"id":159,"vin":"1G4HR54K244139042","make":"BMW","model":"x1","year":2015,"color":"red"},
{"id":160,"vin":"1FTMF1EW3AK746108","make":"BMW","model":"3-series","year":2020,"color":"silver"},
{"id":161,"vin":"WAUCFAFRXDA204809","make":"BMW","model":"3-series","year":2015,"color":"red"},
{"id":162,"vin":"3D7TP2CT7AG015513","make":"BMW","model":"6-series","year":2019,"color":"black"},
{"id":163,"vin":"WBAPK7C58AA060853","make":"BMW","model":"6-series","year":2018,"color":"blue"},
{"id":164,"vin":"WAUEF98E38A494379","make":"BMW","model":"m-series","year":2015,"color":"brown"},
{"id":165,"vin":"JTDKDTB3XC1635649","make":"BMW","model":"m-series","year":2019,"color":"brown"},
{"id":166,"vin":"1D7RE3GK5AS480629","make":"BMW","model":"x3","year":2019,"color":"space grey"},
{"id":167,"vin":"1GTN1UEH9FZ478463","make":"BMW","model":"x5","year":2018,"color":"silver"},
{"id":168,"vin":"TRUVD38J791963628","make":"BMW","model":"m-series","year":2016,"color":"black"},
{"id":169,"vin":"WBAVC73547A419029","make":"BMW","model":"5-series","year":2014,"color":"space grey"},
{"id":170,"vin":"WVWED7AJ0CW863814","make":"BMW","model":"5-series","year":2020,"color":"white"},
{"id":171,"vin":"1N6AF0LY0FN525928","make":"BMW","model":"6-series","year":2018,"color":"silver"},
{"id":172,"vin":"JN1AZ4EH7FM914198","make":"BMW","model":"6-series","year":2020,"color":"silver"},
{"id":173,"vin":"5TFAW5F17EX330796","make":"BMW","model":"x3","year":2015,"color":"blue"},
{"id":174,"vin":"1N6AA0EJ9FN207501","make":"BMW","model":"x3","year":2019,"color":"silver"},
{"id":175,"vin":"2G4GN5EK7C9580246","make":"BMW","model":"x1","year":2019,"color":"black"},
{"id":176,"vin":"WAUFFAFL9CN430078","make":"BMW","model":"x3","year":2020,"color":"red"},
{"id":177,"vin":"5N1AN0NW2DN594159","make":"BMW","model":"x3","year":2018,"color":"brown"},
{"id":178,"vin":"WAUDFBFC9CN445998","make":"BMW","model":"6-series","year":2017,"color":"space grey"},
{"id":179,"vin":"1HGCP2E35CA338470","make":"BMW","model":"3-series","year":2016,"color":"space grey"},
{"id":180,"vin":"1GYFC43509R888199","make":"BMW","model":"x1","year":2018,"color":"red"},
{"id":181,"vin":"3C3CFFBRXDT901125","make":"BMW","model":"x5","year":2017,"color":"black"},
{"id":182,"vin":"WBAEV33474P405645","make":"BMW","model":"5-series","year":2016,"color":"blue"},
{"id":183,"vin":"1C4AJWAG1DL920031","make":"BMW","model":"x3","year":2019,"color":"silver"},
{"id":184,"vin":"19UUA766X8A355509","make":"BMW","model":"m-series","year":2016,"color":"space grey"},
{"id":185,"vin":"WBAPK5G56BN611807","make":"BMW","model":"x4","year":2015,"color":"blue"},
{"id":186,"vin":"5FNYF3H21CB210654","make":"BMW","model":"x5","year":2017,"color":"black"},
{"id":187,"vin":"3VW467AT8DM607278","make":"BMW","model":"x4","year":2017,"color":"black"},
{"id":188,"vin":"JTEBU5JR3C5590558","make":"BMW","model":"x3","year":2015,"color":"brown"},
{"id":189,"vin":"1G6KD5EY3AU945210","make":"BMW","model":"3-series","year":2015,"color":"red"},
{"id":190,"vin":"WA1DGAFE5ED170774","make":"BMW","model":"5-series","year":2017,"color":"brown"},
{"id":191,"vin":"WA1WMAFE6BD208087","make":"BMW","model":"x1","year":2020,"color":"black"},
{"id":192,"vin":"WBADX7C52DJ695351","make":"BMW","model":"x1","year":2015,"color":"black"},
{"id":193,"vin":"WP0CA2A85DS342824","make":"BMW","model":"5-series","year":2020,"color":"white"},
{"id":194,"vin":"WBABS53483J578258","make":"BMW","model":"x3","year":2019,"color":"black"},
{"id":195,"vin":"1G6AB5RX6E0643619","make":"BMW","model":"5-series","year":2020,"color":"brown"},
{"id":196,"vin":"WAUDFAFL7FN225659","make":"BMW","model":"m-series","year":2015,"color":"red"},
{"id":197,"vin":"1GYS4JEF8CR554817","make":"BMW","model":"m-series","year":2020,"color":"brown"},
{"id":198,"vin":"WBANV13549B353666","make":"BMW","model":"3-series","year":2017,"color":"red"},
{"id":199,"vin":"1G6DE1E30E0934729","make":"BMW","model":"x5","year":2014,"color":"brown"},
{"id":200,"vin":"1FTMF1E81AK905449","make":"BMW","model":"5-series","year":2017,"color":"red"},
{"id":201,"vin":"1G6AJ1RX2F0567118","make":"BMW","model":"m-series","year":2018,"color":"black"},
{"id":202,"vin":"3FADP4AJ9FM311188","make":"BMW","model":"x4","year":2017,"color":"red"},
{"id":203,"vin":"JN1CV6EK4DM198398","make":"BMW","model":"3-series","year":2016,"color":"blue"},
{"id":204,"vin":"WAUDGBFL2CA016724","make":"BMW","model":"6-series","year":2016,"color":"silver"},
{"id":205,"vin":"JHMZE2H59DS326912","make":"BMW","model":"x5","year":2017,"color":"red"},
{"id":206,"vin":"WBAFZ9C54DD570963","make":"BMW","model":"x5","year":2015,"color":"space grey"},
{"id":207,"vin":"3FA6P0PU8FR182091","make":"BMW","model":"x4","year":2015,"color":"space grey"},
{"id":208,"vin":"2C3CCAEG8FH023194","make":"BMW","model":"m-series","year":2020,"color":"space grey"},
{"id":209,"vin":"WBAUN1C5XDV060843","make":"BMW","model":"m-series","year":2020,"color":"white"},
{"id":210,"vin":"WVWAB7AJXCW987402","make":"BMW","model":"x3","year":2015,"color":"brown"},
{"id":211,"vin":"WAURV78TX8A037821","make":"BMW","model":"x4","year":2019,"color":"white"},
{"id":212,"vin":"WBAWB7C57AP194357","make":"BMW","model":"m-series","year":2018,"color":"space grey"},
{"id":213,"vin":"1N6AA0EKXFN007624","make":"BMW","model":"5-series","year":2016,"color":"red"},
{"id":214,"vin":"WBSWL9C5XAP048569","make":"BMW","model":"m-series","year":2018,"color":"blue"},
{"id":215,"vin":"WBA4B1C51FD104021","make":"BMW","model":"x3","year":2015,"color":"red"},
{"id":216,"vin":"1G6YV36A185843857","make":"BMW","model":"x4","year":2015,"color":"space grey"},
{"id":217,"vin":"1GYS4EEJ5DR527927","make":"BMW","model":"x4","year":2018,"color":"white"},
{"id":218,"vin":"WDCYC3HF3BX451092","make":"BMW","model":"x1","year":2015,"color":"brown"},
{"id":219,"vin":"1G6AJ5SX4F0598338","make":"BMW","model":"3-series","year":2018,"color":"space grey"},
{"id":220,"vin":"JH4CL96968C648353","make":"BMW","model":"x4","year":2019,"color":"space grey"},
{"id":221,"vin":"SAJWA0FS2FP020882","make":"BMW","model":"3-series","year":2015,"color":"red"},
{"id":222,"vin":"SALFR2BN7AH738183","make":"BMW","model":"x5","year":2014,"color":"brown"},
{"id":223,"vin":"2HKRM3H54FH759985","make":"BMW","model":"x3","year":2015,"color":"blue"},
{"id":224,"vin":"SCFFDAAE8CG660900","make":"BMW","model":"3-series","year":2014,"color":"blue"},
{"id":225,"vin":"1FTEX1CW1AK053879","make":"BMW","model":"x5","year":2020,"color":"white"},
{"id":226,"vin":"1GTN2TEH9FZ078202","make":"BMW","model":"3-series","year":2015,"color":"blue"},
{"id":227,"vin":"TRURD38J191696584","make":"BMW","model":"3-series","year":2017,"color":"silver"},
{"id":228,"vin":"1G6DD1E39E0005299","make":"BMW","model":"x1","year":2016,"color":"black"},
{"id":229,"vin":"WUADNAFGXBN970783","make":"BMW","model":"x1","year":2015,"color":"red"},
{"id":230,"vin":"5GAKRAKD0EJ419814","make":"BMW","model":"x4","year":2019,"color":"white"},
{"id":231,"vin":"1G6KF57951U742075","make":"BMW","model":"x3","year":2019,"color":"silver"},
{"id":232,"vin":"19UUA8F21EA702871","make":"BMW","model":"x1","year":2019,"color":"red"},
{"id":233,"vin":"WBANW13538C413975","make":"BMW","model":"x1","year":2016,"color":"silver"},
{"id":234,"vin":"1G6AE5SXXD0012162","make":"BMW","model":"x4","year":2020,"color":"red"},
{"id":235,"vin":"SCBLE47K29C288454","make":"BMW","model":"x1","year":2015,"color":"black"},
{"id":236,"vin":"1G6DK1E31D0489828","make":"BMW","model":"m-series","year":2016,"color":"blue"},
{"id":237,"vin":"WA1LGBFE6BD075895","make":"BMW","model":"m-series","year":2019,"color":"blue"},
{"id":238,"vin":"WAUFEBFM3BA022599","make":"BMW","model":"x3","year":2015,"color":"white"},
{"id":239,"vin":"WAUFEAFM8BA327297","make":"BMW","model":"m-series","year":2015,"color":"red"},
{"id":240,"vin":"WAUR2AFD2DN175728","make":"BMW","model":"x3","year":2015,"color":"black"},
{"id":241,"vin":"2D4RN1AGXBR342142","make":"BMW","model":"3-series","year":2019,"color":"space grey"},
{"id":242,"vin":"WDDHF0EB5EA478207","make":"BMW","model":"x3","year":2016,"color":"silver"},
{"id":243,"vin":"1GD21ZCGXCZ237836","make":"BMW","model":"x4","year":2016,"color":"blue"},
{"id":244,"vin":"WBAWV5C54AP605838","make":"BMW","model":"3-series","year":2020,"color":"space grey"},
{"id":245,"vin":"WBAAN374X1N727213","make":"BMW","model":"x5","year":2015,"color":"brown"},
{"id":246,"vin":"KMHCT4AE2CU909579","make":"BMW","model":"x5","year":2018,"color":"space grey"},
{"id":247,"vin":"WAULC68E92A920159","make":"BMW","model":"m-series","year":2019,"color":"white"},
{"id":248,"vin":"KNDJN2A22F7708929","make":"BMW","model":"x3","year":2014,"color":"white"},
{"id":249,"vin":"1C4RJEAG2FC338505","make":"BMW","model":"6-series","year":2014,"color":"space grey"},
{"id":250,"vin":"WAUGFBFC4EN813035","make":"BMW","model":"5-series","year":2015,"color":"blue"},
{"id":251,"vin":"1C3CCBCG7DN541486","make":"BMW","model":"3-series","year":2016,"color":"silver"},
{"id":252,"vin":"KMHHU6KJ4FU635140","make":"BMW","model":"x3","year":2016,"color":"silver"},
{"id":253,"vin":"TRUSX28N321147156","make":"BMW","model":"x5","year":2020,"color":"red"},
{"id":254,"vin":"WAUNF98P18A160109","make":"BMW","model":"x5","year":2014,"color":"brown"},
{"id":255,"vin":"WA1WMAFE2DD713725","make":"BMW","model":"6-series","year":2015,"color":"space grey"},
{"id":256,"vin":"1FTNX2A51AE194658","make":"BMW","model":"x1","year":2019,"color":"space grey"},
{"id":257,"vin":"1D7RB1GKXBS627638","make":"BMW","model":"x4","year":2018,"color":"red"},
{"id":258,"vin":"JM1DE1KY3D0376984","make":"BMW","model":"x4","year":2018,"color":"blue"},
{"id":259,"vin":"WAUML44E46N218750","make":"BMW","model":"x1","year":2016,"color":"white"},
{"id":260,"vin":"SALVP1BG1EH375169","make":"BMW","model":"6-series","year":2018,"color":"red"},
{"id":261,"vin":"5GAKVCKD5FJ962116","make":"BMW","model":"x5","year":2020,"color":"silver"},
{"id":262,"vin":"WAUUL78E85A121875","make":"BMW","model":"x5","year":2015,"color":"black"},
{"id":263,"vin":"3D7JV1EP2BG929371","make":"BMW","model":"5-series","year":2015,"color":"brown"},
{"id":264,"vin":"3GYFNBEY9AS117148","make":"BMW","model":"x4","year":2014,"color":"white"},
{"id":265,"vin":"1G6DK1ED9B0473611","make":"BMW","model":"3-series","year":2019,"color":"brown"},
{"id":266,"vin":"3VW507AT5EM626376","make":"BMW","model":"3-series","year":2019,"color":"blue"},
{"id":267,"vin":"WAULD64B64N101842","make":"BMW","model":"x4","year":2017,"color":"black"},
{"id":268,"vin":"5UMCL93442L081136","make":"BMW","model":"5-series","year":2016,"color":"silver"},
{"id":269,"vin":"1G6DJ577480074907","make":"BMW","model":"x5","year":2015,"color":"brown"},
{"id":270,"vin":"JH4DC53064S347987","make":"BMW","model":"m-series","year":2019,"color":"silver"},
{"id":271,"vin":"WAUJC58EX3A236658","make":"BMW","model":"3-series","year":2015,"color":"brown"},
{"id":272,"vin":"3C3CFFAR5FT197470","make":"BMW","model":"x3","year":2016,"color":"silver"},
{"id":273,"vin":"WBABN33411J103415","make":"BMW","model":"6-series","year":2015,"color":"black"},
{"id":274,"vin":"1FTEW1C82AF939657","make":"BMW","model":"3-series","year":2020,"color":"brown"},
{"id":275,"vin":"JN1BJ0HP3FM383590","make":"BMW","model":"x3","year":2018,"color":"brown"},
{"id":276,"vin":"1FTEX1EW4AK741713","make":"BMW","model":"x5","year":2014,"color":"black"},
{"id":277,"vin":"1GKS1HE09BR043249","make":"BMW","model":"x1","year":2020,"color":"white"},
{"id":278,"vin":"3GYFNCE30DS240478","make":"BMW","model":"x5","year":2019,"color":"white"},
{"id":279,"vin":"WVWAP7AN4EE472506","make":"BMW","model":"x5","year":2018,"color":"silver"},
{"id":280,"vin":"1D7RB1CT5BS766302","make":"BMW","model":"x1","year":2020,"color":"white"},
{"id":281,"vin":"5N1AR1NB4CC312542","make":"BMW","model":"6-series","year":2018,"color":"space grey"},
{"id":282,"vin":"KMHDB8AE7AU995967","make":"BMW","model":"x4","year":2020,"color":"blue"},
{"id":283,"vin":"WBASP4C53BC537544","make":"BMW","model":"x5","year":2016,"color":"space grey"},
{"id":284,"vin":"JN1AZ4EH5FM062336","make":"BMW","model":"x4","year":2020,"color":"black"},
{"id":285,"vin":"JHMZE2H71ES189595","make":"BMW","model":"3-series","year":2015,"color":"brown"},
{"id":286,"vin":"3VW4T7AT1EM276103","make":"BMW","model":"5-series","year":2016,"color":"blue"},
{"id":287,"vin":"WAULFAFH2AN897550","make":"BMW","model":"x1","year":2016,"color":"black"},
{"id":288,"vin":"WAULH64B31N841686","make":"BMW","model":"x1","year":2020,"color":"black"},
{"id":289,"vin":"WBAUP7C58CV900663","make":"BMW","model":"x4","year":2018,"color":"red"},
{"id":290,"vin":"3C4PDDBG1CT678347","make":"BMW","model":"x4","year":2018,"color":"red"},
{"id":291,"vin":"4JGDF2EE4FA034103","make":"BMW","model":"6-series","year":2018,"color":"black"},
{"id":292,"vin":"JN8CS1MW0EM228824","make":"BMW","model":"6-series","year":2018,"color":"black"},
{"id":293,"vin":"1D4PU6GX4BW220253","make":"BMW","model":"5-series","year":2017,"color":"space grey"},
{"id":294,"vin":"WBAKA83569C170027","make":"BMW","model":"m-series","year":2020,"color":"brown"},
{"id":295,"vin":"3MZBM1U72EM973084","make":"BMW","model":"5-series","year":2019,"color":"brown"},
{"id":296,"vin":"WAUKF78E76A645048","make":"BMW","model":"x3","year":2020,"color":"space grey"},
{"id":297,"vin":"1FTSW2A58AE029082","make":"BMW","model":"x1","year":2017,"color":"silver"},
{"id":298,"vin":"1N6AA0EJ6FN127704","make":"BMW","model":"5-series","year":2016,"color":"brown"},
{"id":299,"vin":"JN1AV7AP3FM599314","make":"BMW","model":"6-series","year":2016,"color":"silver"},
{"id":300,"vin":"WBA3F9C54FK826805","make":"BMW","model":"5-series","year":2016,"color":"blue"},
{"id":301,"vin":"1G6YV36A765057851","make":"BMW","model":"m-series","year":2019,"color":"blue"},
{"id":302,"vin":"1N6AA0CC0BN638050","make":"BMW","model":"x5","year":2020,"color":"blue"},
{"id":303,"vin":"JN8AF5MR1BT370081","make":"BMW","model":"m-series","year":2020,"color":"white"},
{"id":304,"vin":"1GYS3MKJ1FR380879","make":"BMW","model":"3-series","year":2015,"color":"brown"},
{"id":305,"vin":"SCBFC7ZA9DC042244","make":"BMW","model":"m-series","year":2014,"color":"blue"},
{"id":306,"vin":"1FMJK1G51EE288619","make":"BMW","model":"3-series","year":2016,"color":"black"},
{"id":307,"vin":"2G4GP5EC7B9240984","make":"BMW","model":"x1","year":2016,"color":"white"},
{"id":308,"vin":"WDDHF0EB0EB824173","make":"BMW","model":"x5","year":2019,"color":"black"},
{"id":309,"vin":"1D7RE3GK9BS270925","make":"BMW","model":"6-series","year":2018,"color":"space grey"},
{"id":310,"vin":"3VW117AU1FM031465","make":"BMW","model":"x1","year":2015,"color":"red"},
{"id":311,"vin":"TRUUT28N321035767","make":"BMW","model":"x1","year":2018,"color":"silver"},
{"id":312,"vin":"1G6AE5SX1E0887101","make":"BMW","model":"6-series","year":2019,"color":"red"},
{"id":313,"vin":"3VW4A7AT4DM692702","make":"BMW","model":"x3","year":2017,"color":"silver"},
{"id":314,"vin":"1G6KS54Y51U624678","make":"BMW","model":"x3","year":2020,"color":"silver"},
{"id":315,"vin":"1FMJK1H59BE976149","make":"BMW","model":"3-series","year":2017,"color":"silver"},
{"id":316,"vin":"3FADP0L34BR454120","make":"BMW","model":"3-series","year":2016,"color":"blue"},
{"id":317,"vin":"JTMHY7AJ0A4610583","make":"BMW","model":"x5","year":2015,"color":"silver"},
{"id":318,"vin":"KMHCT4AE0FU681246","make":"BMW","model":"6-series","year":2014,"color":"space grey"},
{"id":319,"vin":"5YMGZ0C59DL685199","make":"BMW","model":"5-series","year":2020,"color":"silver"},
{"id":320,"vin":"1FTWX3D53AE349443","make":"BMW","model":"x5","year":2014,"color":"blue"},
{"id":321,"vin":"4T1BF1FK5EU314258","make":"BMW","model":"x3","year":2020,"color":"space grey"},
{"id":322,"vin":"WAULC68E25A806458","make":"BMW","model":"3-series","year":2017,"color":"black"},
{"id":323,"vin":"1N6AD0CW1FN967296","make":"BMW","model":"x3","year":2020,"color":"blue"},
{"id":324,"vin":"1G6DM5EV0A0360686","make":"BMW","model":"m-series","year":2018,"color":"black"},
{"id":325,"vin":"SALFR2BG1DH418766","make":"BMW","model":"x3","year":2015,"color":"brown"},
{"id":326,"vin":"WAUDF48H29K754095","make":"BMW","model":"5-series","year":2016,"color":"black"},
{"id":327,"vin":"JM1NC2LF3D0860084","make":"BMW","model":"x5","year":2017,"color":"silver"},
{"id":328,"vin":"WA1BV94L48D600490","make":"BMW","model":"x3","year":2020,"color":"white"},
{"id":329,"vin":"WBAGL63442D171382","make":"BMW","model":"x4","year":2020,"color":"black"},
{"id":330,"vin":"3N1CN7APXEL980692","make":"BMW","model":"x5","year":2017,"color":"red"},
{"id":331,"vin":"2G4GT5GC5B9753143","make":"BMW","model":"x3","year":2015,"color":"brown"},
{"id":332,"vin":"WBAVC73577A775202","make":"BMW","model":"x1","year":2017,"color":"white"},
{"id":333,"vin":"1GYEE637070150312","make":"BMW","model":"6-series","year":2018,"color":"silver"},
{"id":334,"vin":"5GAER23D89J270818","make":"BMW","model":"x3","year":2016,"color":"blue"},
{"id":335,"vin":"KMHTC6AD2EU311773","make":"BMW","model":"3-series","year":2018,"color":"white"},
{"id":336,"vin":"WAUCF78K19N367898","make":"BMW","model":"5-series","year":2019,"color":"blue"},
{"id":337,"vin":"WBA4B1C59FG702680","make":"BMW","model":"m-series","year":2018,"color":"white"},
{"id":338,"vin":"JTHKD5BH5C2798452","make":"BMW","model":"m-series","year":2014,"color":"space grey"},
{"id":339,"vin":"WBADT43451G456015","make":"BMW","model":"x1","year":2019,"color":"space grey"},
{"id":340,"vin":"WBA3B5G5XEN859254","make":"BMW","model":"3-series","year":2020,"color":"brown"},
{"id":341,"vin":"1D4PT5GK1BW222544","make":"BMW","model":"x4","year":2017,"color":"brown"},
{"id":342,"vin":"WAUGGBFC8CN757241","make":"BMW","model":"x5","year":2019,"color":"red"},
{"id":343,"vin":"WAUEFAFL0DA084328","make":"BMW","model":"x5","year":2016,"color":"space grey"},
{"id":344,"vin":"SCBBR93W47C460440","make":"BMW","model":"3-series","year":2015,"color":"red"},
{"id":345,"vin":"1N4AA5AP5DC625577","make":"BMW","model":"x4","year":2020,"color":"brown"},
{"id":346,"vin":"WP0CA2A89AU421901","make":"BMW","model":"x3","year":2015,"color":"white"},
{"id":347,"vin":"JN8AF5MR0DT025739","make":"BMW","model":"x3","year":2015,"color":"white"},
{"id":348,"vin":"SCBGT3ZA1DC533923","make":"BMW","model":"x5","year":2016,"color":"black"},
{"id":349,"vin":"1N6AA0CAXFN236671","make":"BMW","model":"m-series","year":2015,"color":"space grey"},
{"id":350,"vin":"WBAGG83481D866320","make":"BMW","model":"x5","year":2020,"color":"brown"},
{"id":351,"vin":"WBA3A5G56DN317411","make":"BMW","model":"3-series","year":2020,"color":"black"},
{"id":352,"vin":"WA1CMAFEXDD606327","make":"BMW","model":"x5","year":2019,"color":"silver"},
{"id":353,"vin":"WA1CGAFP8EA829381","make":"BMW","model":"x1","year":2015,"color":"black"},
{"id":354,"vin":"5TFCY5F14BX172495","make":"BMW","model":"x4","year":2015,"color":"brown"},
{"id":355,"vin":"WA1LGAFE0DD819570","make":"BMW","model":"3-series","year":2020,"color":"brown"},
{"id":356,"vin":"3N1CE2CP4FL936317","make":"BMW","model":"x1","year":2015,"color":"blue"},
{"id":357,"vin":"KMHTC6AD1EU512788","make":"BMW","model":"m-series","year":2016,"color":"space grey"},
{"id":358,"vin":"2B3CK4CV5AH187675","make":"BMW","model":"x5","year":2019,"color":"red"},
{"id":359,"vin":"3D73Y4EL9AG428605","make":"BMW","model":"x1","year":2014,"color":"space grey"},
{"id":360,"vin":"1FTWF3D51AE348570","make":"BMW","model":"6-series","year":2017,"color":"space grey"},
{"id":361,"vin":"WAUXU54B72N011902","make":"BMW","model":"x1","year":2016,"color":"red"},
{"id":362,"vin":"1GYS3GEF2CR125274","make":"BMW","model":"x3","year":2014,"color":"white"},
{"id":363,"vin":"5N1AT2MLXEC517836","make":"BMW","model":"x1","year":2014,"color":"black"},
{"id":364,"vin":"WAULD54B52N081705","make":"BMW","model":"5-series","year":2016,"color":"brown"},
{"id":365,"vin":"JA32U2FU3FU412979","make":"BMW","model":"5-series","year":2016,"color":"red"},
{"id":366,"vin":"WAUAKAFB4AN481157","make":"BMW","model":"x4","year":2018,"color":"brown"},
{"id":367,"vin":"1G6KE54Y14U265793","make":"BMW","model":"x5","year":2017,"color":"white"},
{"id":368,"vin":"3GTU1YEJXDG734094","make":"BMW","model":"x1","year":2020,"color":"blue"},
{"id":369,"vin":"WVGFG9BPXCD058713","make":"BMW","model":"x4","year":2017,"color":"blue"},
{"id":370,"vin":"WAUPFAFM4BA257279","make":"BMW","model":"x5","year":2016,"color":"blue"},
{"id":371,"vin":"3GYFK66N86G147305","make":"BMW","model":"3-series","year":2019,"color":"space grey"},
{"id":372,"vin":"3D4PH6FV4AT292577","make":"BMW","model":"x5","year":2020,"color":"black"},
{"id":373,"vin":"1C6RD6NT8CS112269","make":"BMW","model":"x3","year":2014,"color":"black"},
{"id":374,"vin":"WA1CV94LX9D525672","make":"BMW","model":"x5","year":2017,"color":"white"},
{"id":375,"vin":"4T1BD1FK1EU762020","make":"BMW","model":"3-series","year":2017,"color":"space grey"},
{"id":376,"vin":"1GD02ZCG9BF131284","make":"BMW","model":"3-series","year":2014,"color":"red"},
{"id":377,"vin":"KMHEC4A49BA011688","make":"BMW","model":"3-series","year":2019,"color":"black"},
{"id":378,"vin":"1G6AW5SXXE0705330","make":"BMW","model":"x5","year":2016,"color":"white"},
{"id":379,"vin":"5J8TB18297A396213","make":"BMW","model":"3-series","year":2020,"color":"white"},
{"id":380,"vin":"JTMHY7AJ1B4588580","make":"BMW","model":"x4","year":2015,"color":"black"},
{"id":381,"vin":"2HKRM3H5XDH953465","make":"BMW","model":"x4","year":2018,"color":"white"},
{"id":382,"vin":"KNAFU6A22C5606616","make":"BMW","model":"6-series","year":2020,"color":"white"},
{"id":383,"vin":"JHMZE2H73ES286720","make":"BMW","model":"5-series","year":2017,"color":"silver"},
{"id":384,"vin":"WAUEL74F45N479664","make":"BMW","model":"x3","year":2016,"color":"blue"},
{"id":385,"vin":"JH4CL96898C996090","make":"BMW","model":"5-series","year":2015,"color":"white"},
{"id":386,"vin":"KNAFT4A24C5848976","make":"BMW","model":"5-series","year":2018,"color":"red"},
{"id":387,"vin":"WP0AA2A95ES458901","make":"BMW","model":"5-series","year":2015,"color":"brown"},
{"id":388,"vin":"KNDJT2A51C7009206","make":"BMW","model":"3-series","year":2015,"color":"red"},
{"id":389,"vin":"1G4HR54K42U434429","make":"BMW","model":"x3","year":2014,"color":"red"},
{"id":390,"vin":"5NPDH4AE7DH947878","make":"BMW","model":"6-series","year":2019,"color":"silver"},
{"id":391,"vin":"1GYS3HEF3DR966818","make":"BMW","model":"3-series","year":2018,"color":"red"},
{"id":392,"vin":"1GYEE637660520645","make":"BMW","model":"x4","year":2020,"color":"white"},
{"id":393,"vin":"3VW507AT2FM565022","make":"BMW","model":"x5","year":2016,"color":"white"},
{"id":394,"vin":"WAULC58E42A055787","make":"BMW","model":"x5","year":2017,"color":"blue"},
{"id":395,"vin":"JN8AZ1MU0AW722584","make":"BMW","model":"6-series","year":2020,"color":"space grey"},
{"id":396,"vin":"1FTEX1CM1CF096208","make":"BMW","model":"x4","year":2014,"color":"brown"},
{"id":397,"vin":"2G4WB52K131407412","make":"BMW","model":"x3","year":2019,"color":"red"},
{"id":398,"vin":"WAUBH78E37A121729","make":"BMW","model":"m-series","year":2019,"color":"brown"},
{"id":399,"vin":"5TDBK3EH8AS241435","make":"BMW","model":"x4","year":2014,"color":"silver"},
{"id":400,"vin":"WBA6B8C52FD567500","make":"BMW","model":"5-series","year":2019,"color":"space grey"},
{"id":401,"vin":"WBAKF3C58CJ575457","make":"BMW","model":"x5","year":2020,"color":"space grey"},
{"id":402,"vin":"WDDGF4HB6EG559891","make":"BMW","model":"x5","year":2014,"color":"black"},
{"id":403,"vin":"1C3CDFCB7ED468815","make":"BMW","model":"5-series","year":2019,"color":"space grey"},
{"id":404,"vin":"SCFAB42322K774398","make":"BMW","model":"x5","year":2014,"color":"red"},
{"id":405,"vin":"1VWAS7A34FC443286","make":"BMW","model":"3-series","year":2017,"color":"brown"},
{"id":406,"vin":"1GYS3KEF2BR386390","make":"BMW","model":"3-series","year":2020,"color":"space grey"},
{"id":407,"vin":"WAUPL58E95A068315","make":"BMW","model":"x3","year":2014,"color":"white"},
{"id":408,"vin":"WAULC68E43A023722","make":"BMW","model":"3-series","year":2017,"color":"blue"},
{"id":409,"vin":"2G4GT5GX9F9079958","make":"BMW","model":"x5","year":2019,"color":"silver"},
{"id":410,"vin":"WBSWD93569P467933","make":"BMW","model":"6-series","year":2020,"color":"space grey"},
{"id":411,"vin":"WBAPH73599E216594","make":"BMW","model":"x4","year":2017,"color":"black"},
{"id":412,"vin":"WAUFFAFL1CA671916","make":"BMW","model":"x4","year":2020,"color":"silver"},
{"id":413,"vin":"WAUJC58E65A074367","make":"BMW","model":"x1","year":2015,"color":"brown"},
{"id":414,"vin":"WVWAW7AHXBV209333","make":"BMW","model":"6-series","year":2016,"color":"black"},
{"id":415,"vin":"5J8TB4H35GL899168","make":"BMW","model":"6-series","year":2019,"color":"blue"},
{"id":416,"vin":"JTDJTUD36ED518847","make":"BMW","model":"x4","year":2016,"color":"brown"},
{"id":417,"vin":"JTHKD5BH7F2012297","make":"BMW","model":"x3","year":2016,"color":"white"},
{"id":418,"vin":"WVGEF9BP4DD616054","make":"BMW","model":"x3","year":2017,"color":"space grey"},
{"id":419,"vin":"WVWED7AJ6BW752926","make":"BMW","model":"3-series","year":2014,"color":"red"},
{"id":420,"vin":"3D7JB1EK4BG152043","make":"BMW","model":"5-series","year":2020,"color":"brown"},
{"id":421,"vin":"WA1EV74L07D836568","make":"BMW","model":"x1","year":2015,"color":"black"},
{"id":422,"vin":"WBAPM5C58BE023942","make":"BMW","model":"5-series","year":2018,"color":"space grey"},
{"id":423,"vin":"3VWF17ATXFM505796","make":"BMW","model":"x1","year":2018,"color":"space grey"},
{"id":424,"vin":"5UXFG8C57BL634983","make":"BMW","model":"6-series","year":2020,"color":"space grey"},
{"id":425,"vin":"JN1CV6FE5BM934156","make":"BMW","model":"x3","year":2017,"color":"white"},
{"id":426,"vin":"1G6KS54Y92U590309","make":"BMW","model":"m-series","year":2016,"color":"space grey"},
{"id":427,"vin":"WBA3D5C50FK614319","make":"BMW","model":"x4","year":2017,"color":"space grey"},
{"id":428,"vin":"1FTWX3A53AE869520","make":"BMW","model":"5-series","year":2020,"color":"brown"},
{"id":429,"vin":"JH4KA96664C531387","make":"BMW","model":"6-series","year":2014,"color":"silver"},
{"id":430,"vin":"4F2CY0C77AK964163","make":"BMW","model":"x5","year":2015,"color":"black"},
{"id":431,"vin":"1N6AA0CA3DN552264","make":"BMW","model":"x5","year":2018,"color":"brown"},
{"id":432,"vin":"5UXZV4C54CL064860","make":"BMW","model":"5-series","year":2015,"color":"space grey"},
{"id":433,"vin":"1GD01ZEG0BF753479","make":"BMW","model":"m-series","year":2018,"color":"black"},
{"id":434,"vin":"JN8AZ1MU8CW188611","make":"BMW","model":"x4","year":2018,"color":"red"},
{"id":435,"vin":"WAUPL58E75A016598","make":"BMW","model":"x3","year":2017,"color":"brown"},
{"id":436,"vin":"WAUBH74F86N231293","make":"BMW","model":"m-series","year":2020,"color":"space grey"},
{"id":437,"vin":"1C4NJPBA1FD877583","make":"BMW","model":"x4","year":2020,"color":"brown"},
{"id":438,"vin":"2FMGK5C87FB208917","make":"BMW","model":"6-series","year":2017,"color":"black"},
{"id":439,"vin":"1GYS4JEF6BR948069","make":"BMW","model":"3-series","year":2015,"color":"white"},
{"id":440,"vin":"1G6DX67D880475547","make":"BMW","model":"5-series","year":2018,"color":"blue"},
{"id":441,"vin":"TRURD38J981212711","make":"BMW","model":"x3","year":2020,"color":"white"},
{"id":442,"vin":"5UXZV4C58CL438211","make":"BMW","model":"x3","year":2015,"color":"red"},
{"id":443,"vin":"2C4RDGBG3FR231052","make":"BMW","model":"3-series","year":2019,"color":"red"},
{"id":444,"vin":"WAULD64B93N557316","make":"BMW","model":"6-series","year":2017,"color":"white"},
{"id":445,"vin":"WDBSK7AA1CF417663","make":"BMW","model":"x4","year":2016,"color":"white"},
{"id":446,"vin":"WAUUL98E37A349183","make":"BMW","model":"3-series","year":2016,"color":"white"},
{"id":447,"vin":"SCFPDCGP1EG908917","make":"BMW","model":"x5","year":2018,"color":"blue"},
{"id":448,"vin":"WBA3B5G51FN887266","make":"BMW","model":"x3","year":2016,"color":"brown"},
{"id":449,"vin":"5FNRL3H20AB477360","make":"BMW","model":"x4","year":2017,"color":"red"},
{"id":450,"vin":"WVGAV7AX2BW091455","make":"BMW","model":"x1","year":2015,"color":"blue"},
{"id":451,"vin":"5GAKVBED4BJ958249","make":"BMW","model":"x3","year":2017,"color":"white"},
{"id":452,"vin":"WAUDGBFL3CA590068","make":"BMW","model":"5-series","year":2019,"color":"white"},
{"id":453,"vin":"WA1VFBFLXEA819322","make":"BMW","model":"x5","year":2016,"color":"silver"},
{"id":454,"vin":"2B3CK9CV7AH450486","make":"BMW","model":"x1","year":2015,"color":"blue"},
{"id":455,"vin":"WBA1F9C5XFV448916","make":"BMW","model":"x3","year":2016,"color":"silver"},
{"id":456,"vin":"1FT7W2A68EE766609","make":"BMW","model":"3-series","year":2016,"color":"red"},
{"id":457,"vin":"WVWAB7AJ4CW305601","make":"BMW","model":"x3","year":2016,"color":"space grey"},
{"id":458,"vin":"1N6AA0CC4BN459980","make":"BMW","model":"x4","year":2015,"color":"white"},
{"id":459,"vin":"1G6AB5RX4E0432306","make":"BMW","model":"5-series","year":2019,"color":"red"},
{"id":460,"vin":"3C3CFFBR8FT095532","make":"BMW","model":"6-series","year":2014,"color":"white"},
{"id":461,"vin":"2T1BURHE0EC546778","make":"BMW","model":"m-series","year":2014,"color":"red"},
{"id":462,"vin":"2FMPK3J96FB147995","make":"BMW","model":"x5","year":2016,"color":"black"},
{"id":463,"vin":"2HNYD18872H421729","make":"BMW","model":"m-series","year":2016,"color":"blue"},
{"id":464,"vin":"SAJWA4EC3CM790586","make":"BMW","model":"5-series","year":2016,"color":"brown"},
{"id":465,"vin":"3C3CFFFH9CT147697","make":"BMW","model":"x4","year":2020,"color":"blue"},
{"id":466,"vin":"19XFA1F3XAE808007","make":"BMW","model":"x5","year":2019,"color":"silver"},
{"id":467,"vin":"1G6AB5SA2E0868285","make":"BMW","model":"6-series","year":2020,"color":"blue"},
{"id":468,"vin":"19XFB4F28EE201471","make":"BMW","model":"x1","year":2020,"color":"red"},
{"id":469,"vin":"JM1GJ1T5XE1663005","make":"BMW","model":"x3","year":2015,"color":"space grey"},
{"id":470,"vin":"JTDKN3DU8A0248636","make":"BMW","model":"x4","year":2019,"color":"space grey"},
{"id":471,"vin":"JHMZE2H35DS058830","make":"BMW","model":"x5","year":2018,"color":"silver"},
{"id":472,"vin":"1B3AZ6JZ9AV521458","make":"BMW","model":"x3","year":2020,"color":"brown"},
{"id":473,"vin":"WA1YL54B85N172610","make":"BMW","model":"3-series","year":2020,"color":"brown"},
{"id":474,"vin":"1G4GE5ED9BF703486","make":"BMW","model":"5-series","year":2014,"color":"space grey"},
{"id":475,"vin":"SCBET9ZA7FC443995","make":"BMW","model":"m-series","year":2019,"color":"silver"},
{"id":476,"vin":"1B3CB5HA7BD001984","make":"BMW","model":"x5","year":2014,"color":"blue"},
{"id":477,"vin":"1G6DP5EV2A0927147","make":"BMW","model":"3-series","year":2018,"color":"red"},
{"id":478,"vin":"WAURVAFA1AN519400","make":"BMW","model":"5-series","year":2020,"color":"space grey"},
{"id":479,"vin":"5TDDK3DC7CS975274","make":"BMW","model":"5-series","year":2020,"color":"blue"},
{"id":480,"vin":"3C6LD5BT8CG564962","make":"BMW","model":"5-series","year":2016,"color":"black"},
{"id":481,"vin":"2HNYD18246H446458","make":"BMW","model":"5-series","year":2019,"color":"red"},
{"id":482,"vin":"WAUFFBFL4CA177524","make":"BMW","model":"x1","year":2015,"color":"red"},
{"id":483,"vin":"WBAEV33405K659759","make":"BMW","model":"3-series","year":2019,"color":"black"},
{"id":484,"vin":"1G6DA5E59C0318447","make":"BMW","model":"x4","year":2018,"color":"red"},
{"id":485,"vin":"5LMJJ2H53DE092137","make":"BMW","model":"3-series","year":2016,"color":"blue"},
{"id":486,"vin":"WBAUP93548V534025","make":"BMW","model":"6-series","year":2020,"color":"red"},
{"id":487,"vin":"1FTSW2A59AE940716","make":"BMW","model":"6-series","year":2015,"color":"blue"},
{"id":488,"vin":"1G4HF57979U405972","make":"BMW","model":"x5","year":2020,"color":"brown"},
{"id":489,"vin":"WAULL44E96N814626","make":"BMW","model":"6-series","year":2018,"color":"red"},
{"id":490,"vin":"1G6DU6EA6A0852092","make":"BMW","model":"5-series","year":2019,"color":"white"},
{"id":491,"vin":"WAUWFAFR4DA632369","make":"BMW","model":"m-series","year":2020,"color":"space grey"},
{"id":492,"vin":"JH4NA12684T619362","make":"BMW","model":"x1","year":2020,"color":"black"},
{"id":493,"vin":"WBABW53455P157277","make":"BMW","model":"3-series","year":2017,"color":"red"},
{"id":494,"vin":"WDDGF4HB9CF128481","make":"BMW","model":"6-series","year":2015,"color":"blue"},
{"id":495,"vin":"WDBWK5JA6BF722838","make":"BMW","model":"x5","year":2018,"color":"black"},
{"id":496,"vin":"3D73Y4HL7AG048660","make":"BMW","model":"x1","year":2018,"color":"brown"},
{"id":497,"vin":"WAUEG74F36N766547","make":"BMW","model":"x5","year":2019,"color":"blue"},
{"id":498,"vin":"SALGS2DF6DA531571","make":"BMW","model":"x4","year":2014,"color":"brown"},
{"id":499,"vin":"2FMGK5BC0AB901794","make":"BMW","model":"6-series","year":2017,"color":"blue"},
{"id":500,"vin":"WAUVF78K69A450131","make":"BMW","model":"6-series","year":2015,"color":"blue"},
{"id":501,"vin":"3VWKX7AJ0AM794207","make":"BMW","model":"x4","year":2015,"color":"red"},
{"id":502,"vin":"1GTC5LF95B8461219","make":"BMW","model":"6-series","year":2020,"color":"silver"},
{"id":503,"vin":"YV140MAB7F1664544","make":"BMW","model":"x4","year":2014,"color":"white"},
{"id":504,"vin":"1GD312CG2DF719991","make":"BMW","model":"3-series","year":2015,"color":"space grey"},
{"id":505,"vin":"2B3CA5CT7AH772894","make":"BMW","model":"x1","year":2019,"color":"brown"},
{"id":506,"vin":"JM3ER2A51C0300384","make":"BMW","model":"3-series","year":2015,"color":"black"},
{"id":507,"vin":"1N6AF0KY9EN613389","make":"BMW","model":"m-series","year":2016,"color":"white"},
{"id":508,"vin":"1FTEX1CM9BK580147","make":"BMW","model":"m-series","year":2017,"color":"brown"},
{"id":509,"vin":"WP1AB2A25FL554955","make":"BMW","model":"5-series","year":2018,"color":"white"},
{"id":510,"vin":"1N6AA0CJ0EN847646","make":"BMW","model":"m-series","year":2017,"color":"red"},
{"id":511,"vin":"WAUBF78E98A425333","make":"BMW","model":"x5","year":2019,"color":"red"},
{"id":512,"vin":"5N1AN0NU8CN577766","make":"BMW","model":"5-series","year":2018,"color":"silver"},
{"id":513,"vin":"WBA3V7C54F5119371","make":"BMW","model":"5-series","year":2019,"color":"blue"},
{"id":514,"vin":"SCFAD02EX9G893172","make":"BMW","model":"x3","year":2014,"color":"space grey"},
{"id":515,"vin":"YV1622FS1C2312744","make":"BMW","model":"6-series","year":2019,"color":"blue"},
{"id":516,"vin":"WBAGL83594D323793","make":"BMW","model":"5-series","year":2017,"color":"silver"},
{"id":517,"vin":"5UXZV4C54D0140967","make":"BMW","model":"x5","year":2017,"color":"white"},
{"id":518,"vin":"WA1BY74L19D439304","make":"BMW","model":"x3","year":2015,"color":"black"},
{"id":519,"vin":"2C3CDZFJ0FH853612","make":"BMW","model":"m-series","year":2019,"color":"red"},
{"id":520,"vin":"JHMZF1C6XFS651482","make":"BMW","model":"x1","year":2015,"color":"blue"},
{"id":521,"vin":"1G6DV5EP5C0521583","make":"BMW","model":"x3","year":2015,"color":"brown"},
{"id":522,"vin":"WBANB33504B595500","make":"BMW","model":"3-series","year":2015,"color":"brown"},
{"id":523,"vin":"JHMFA3F29BS309389","make":"BMW","model":"m-series","year":2014,"color":"black"},
{"id":524,"vin":"3G5DB03E22S450240","make":"BMW","model":"6-series","year":2018,"color":"blue"},
{"id":525,"vin":"3VWJP7AT1CM736879","make":"BMW","model":"m-series","year":2017,"color":"white"},
{"id":526,"vin":"5GADX23L96D665934","make":"BMW","model":"x5","year":2020,"color":"black"},
{"id":527,"vin":"1N6AA0EC6FN245446","make":"BMW","model":"3-series","year":2020,"color":"red"},
{"id":528,"vin":"1D7RE3BK8AS445235","make":"BMW","model":"3-series","year":2017,"color":"brown"},
{"id":529,"vin":"WAUAFAFL4BN082327","make":"BMW","model":"5-series","year":2019,"color":"blue"},
{"id":530,"vin":"SAJWJ0FF9F8765285","make":"BMW","model":"x1","year":2020,"color":"silver"},
{"id":531,"vin":"JM3TB2BA4F0088513","make":"BMW","model":"m-series","year":2014,"color":"space grey"},
{"id":532,"vin":"WAUCVAFR6BA372902","make":"BMW","model":"x1","year":2016,"color":"blue"},
{"id":533,"vin":"5FRYD4H80EB054690","make":"BMW","model":"x3","year":2019,"color":"red"},
{"id":534,"vin":"JHMZE2H7XES597139","make":"BMW","model":"x5","year":2017,"color":"blue"},
{"id":535,"vin":"WAUKF98E48A689264","make":"BMW","model":"3-series","year":2016,"color":"brown"},
{"id":536,"vin":"SALVP2BG1EH834836","make":"BMW","model":"6-series","year":2018,"color":"space grey"},
{"id":537,"vin":"YV440MBK7F1114066","make":"BMW","model":"x4","year":2014,"color":"white"},
{"id":538,"vin":"137ZA90381E990437","make":"BMW","model":"m-series","year":2015,"color":"black"},
{"id":539,"vin":"1D7CW3GK1AS927024","make":"BMW","model":"x5","year":2017,"color":"silver"},
{"id":540,"vin":"SCBLF34F36C990700","make":"BMW","model":"x1","year":2017,"color":"red"},
{"id":541,"vin":"1N6AD0CW0FN170277","make":"BMW","model":"x5","year":2017,"color":"brown"},
{"id":542,"vin":"3C4PDDBG6FT603907","make":"BMW","model":"x3","year":2018,"color":"red"},
{"id":543,"vin":"KNADH5A35A6716839","make":"BMW","model":"x1","year":2020,"color":"blue"},
{"id":544,"vin":"JTDKN3DU8F0825947","make":"BMW","model":"m-series","year":2015,"color":"silver"},
{"id":545,"vin":"WA1YD64B85N946969","make":"BMW","model":"3-series","year":2016,"color":"silver"},
{"id":546,"vin":"WAUFFAFL7EN367419","make":"BMW","model":"m-series","year":2014,"color":"red"},
{"id":547,"vin":"1GYFC362X9R862138","make":"BMW","model":"x4","year":2015,"color":"brown"},
{"id":548,"vin":"3VW467ATXCM398026","make":"BMW","model":"m-series","year":2015,"color":"black"},
{"id":549,"vin":"1GD020CG7CF225175","make":"BMW","model":"x3","year":2018,"color":"brown"},
{"id":550,"vin":"JN8AF5MR5FT426089","make":"BMW","model":"x3","year":2020,"color":"blue"},
{"id":551,"vin":"WAUAF68E65A224085","make":"BMW","model":"m-series","year":2015,"color":"brown"},
{"id":552,"vin":"KMHCT4AE0DU947183","make":"BMW","model":"6-series","year":2019,"color":"brown"},
{"id":553,"vin":"5TDDK3DCXFS534680","make":"BMW","model":"6-series","year":2016,"color":"brown"},
{"id":554,"vin":"WBAVA33547P422752","make":"BMW","model":"x4","year":2016,"color":"black"},
{"id":555,"vin":"JN8AS5MT1CW868871","make":"BMW","model":"5-series","year":2016,"color":"brown"},
{"id":556,"vin":"WAU3VAFR9AA150532","make":"BMW","model":"3-series","year":2018,"color":"space grey"},
{"id":557,"vin":"5FRYD3H41GB415032","make":"BMW","model":"x1","year":2016,"color":"blue"},
{"id":558,"vin":"3VWKP7AJ0EM663879","make":"BMW","model":"m-series","year":2020,"color":"blue"},
{"id":559,"vin":"5J6TF1H59DL121335","make":"BMW","model":"5-series","year":2016,"color":"blue"},
{"id":560,"vin":"3C6TD5JT4CG693668","make":"BMW","model":"x1","year":2015,"color":"white"},
{"id":561,"vin":"WBAVM1C50FV429185","make":"BMW","model":"m-series","year":2016,"color":"white"},
{"id":562,"vin":"3VW517AT4EM629606","make":"BMW","model":"m-series","year":2014,"color":"black"},
{"id":563,"vin":"1GYUKCEF9AR297089","make":"BMW","model":"6-series","year":2017,"color":"blue"},
{"id":564,"vin":"WAUWGAFC8FN385765","make":"BMW","model":"5-series","year":2014,"color":"red"},
{"id":565,"vin":"1B3CB9HA3BD080707","make":"BMW","model":"x5","year":2014,"color":"space grey"},
{"id":566,"vin":"WA1CMBFPXEA270544","make":"BMW","model":"x1","year":2020,"color":"blue"},
{"id":567,"vin":"WBAVC93518K944864","make":"BMW","model":"6-series","year":2014,"color":"white"},
{"id":568,"vin":"KM8NU4CC2AU120038","make":"BMW","model":"x3","year":2014,"color":"red"},
{"id":569,"vin":"1C4RDJEG2FC455415","make":"BMW","model":"m-series","year":2016,"color":"white"},
{"id":570,"vin":"5N1AT2MK3FC713352","make":"BMW","model":"m-series","year":2017,"color":"brown"},
{"id":571,"vin":"1G6AB5SA5F0719984","make":"BMW","model":"x4","year":2014,"color":"red"},
{"id":572,"vin":"5UXWX7C56EL681940","make":"BMW","model":"3-series","year":2017,"color":"black"},
{"id":573,"vin":"WAUAH78E57A971017","make":"BMW","model":"6-series","year":2019,"color":"silver"},
{"id":574,"vin":"2HNYD2H25CH864836","make":"BMW","model":"5-series","year":2016,"color":"black"},
{"id":575,"vin":"3VWJX7AJ8AM775948","make":"BMW","model":"3-series","year":2020,"color":"black"},
{"id":576,"vin":"WA1CGAFE1CD015308","make":"BMW","model":"x5","year":2020,"color":"black"},
{"id":577,"vin":"WAUBC48H55K621700","make":"BMW","model":"x3","year":2018,"color":"silver"},
{"id":578,"vin":"ZFBCFACH4FZ073785","make":"BMW","model":"x1","year":2016,"color":"white"},
{"id":579,"vin":"1G6DH5E50D0279275","make":"BMW","model":"x4","year":2018,"color":"blue"},
{"id":580,"vin":"1FTEX1C88AK365666","make":"BMW","model":"6-series","year":2014,"color":"red"},
{"id":581,"vin":"WA1AY74L17D639088","make":"BMW","model":"x1","year":2020,"color":"black"},
{"id":582,"vin":"WA1AV74L37D187850","make":"BMW","model":"5-series","year":2014,"color":"red"},
{"id":583,"vin":"WAUSVAFA6AN337242","make":"BMW","model":"6-series","year":2019,"color":"space grey"},
{"id":584,"vin":"5GAKVBKD7DJ573100","make":"BMW","model":"3-series","year":2014,"color":"brown"},
{"id":585,"vin":"JH4NA216X3T336452","make":"BMW","model":"x4","year":2017,"color":"red"},
{"id":586,"vin":"YV1672MW7B2358827","make":"BMW","model":"6-series","year":2016,"color":"blue"},
{"id":587,"vin":"WAUKD78P07A383656","make":"BMW","model":"m-series","year":2018,"color":"brown"},
{"id":588,"vin":"JM1NC2LF1D0846037","make":"BMW","model":"5-series","year":2014,"color":"brown"},
{"id":589,"vin":"1G6KE57Y94U403477","make":"BMW","model":"3-series","year":2019,"color":"blue"},
{"id":590,"vin":"SCFAD02A28G556572","make":"BMW","model":"x5","year":2020,"color":"white"},
{"id":591,"vin":"1G6KD57Y06U573149","make":"BMW","model":"3-series","year":2020,"color":"brown"},
{"id":592,"vin":"TRUWX28N221300515","make":"BMW","model":"3-series","year":2018,"color":"blue"},
{"id":593,"vin":"5NPDH4AE2DH061256","make":"BMW","model":"x5","year":2020,"color":"space grey"},
{"id":594,"vin":"3C6TD4KT6CG027033","make":"BMW","model":"x5","year":2016,"color":"brown"},
{"id":595,"vin":"JTDKN3DP0C3228490","make":"BMW","model":"x3","year":2016,"color":"brown"},
{"id":596,"vin":"WDDEJ7GB3CA940106","make":"BMW","model":"5-series","year":2014,"color":"brown"},
{"id":597,"vin":"1GYS3CEF3DR722623","make":"BMW","model":"3-series","year":2015,"color":"black"},
{"id":598,"vin":"WAUMFBFL2BN384203","make":"BMW","model":"3-series","year":2018,"color":"white"},
{"id":599,"vin":"1N6BF0KX5FN230160","make":"BMW","model":"3-series","year":2017,"color":"space grey"},
{"id":600,"vin":"1N4AL2AP2AC336077","make":"BMW","model":"3-series","year":2020,"color":"red"},
{"id":601,"vin":"1GYS4GEF4BR327027","make":"BMW","model":"5-series","year":2015,"color":"brown"},
{"id":602,"vin":"JH4NA12652T523797","make":"BMW","model":"x3","year":2015,"color":"red"},
{"id":603,"vin":"5J6TF1H51EL814000","make":"BMW","model":"5-series","year":2019,"color":"black"},
{"id":604,"vin":"1D7RE5GK2BS097101","make":"BMW","model":"x5","year":2015,"color":"silver"},
{"id":605,"vin":"1N6AF0KX7EN188648","make":"BMW","model":"5-series","year":2015,"color":"white"},
{"id":606,"vin":"JN8AF5MR4DT100040","make":"BMW","model":"m-series","year":2019,"color":"silver"},
{"id":607,"vin":"1C3CCBCG0EN925563","make":"BMW","model":"6-series","year":2020,"color":"silver"},
{"id":608,"vin":"KNAFK4A66E5432470","make":"BMW","model":"3-series","year":2017,"color":"white"},
{"id":609,"vin":"2FMHK6CT8AB372166","make":"BMW","model":"x1","year":2018,"color":"black"},
{"id":610,"vin":"WBAWB73588P959375","make":"BMW","model":"6-series","year":2015,"color":"blue"},
{"id":611,"vin":"WAUDH78E57A868113","make":"BMW","model":"x1","year":2018,"color":"brown"},
{"id":612,"vin":"2HNYD28577H212977","make":"BMW","model":"x1","year":2014,"color":"space grey"},
{"id":613,"vin":"1G4HA5EM3BU623399","make":"BMW","model":"5-series","year":2016,"color":"blue"},
{"id":614,"vin":"WBAYA8C53FG361919","make":"BMW","model":"x3","year":2016,"color":"brown"},
{"id":615,"vin":"WBAVT73508F249675","make":"BMW","model":"6-series","year":2017,"color":"silver"},
{"id":616,"vin":"SCBDC3ZA2DC211262","make":"BMW","model":"x3","year":2019,"color":"red"},
{"id":617,"vin":"1G6DN57S140128005","make":"BMW","model":"x5","year":2015,"color":"silver"},
{"id":618,"vin":"WA1EY94L79D045413","make":"BMW","model":"x1","year":2014,"color":"black"},
{"id":619,"vin":"3GYFNKE65BS832010","make":"BMW","model":"x5","year":2017,"color":"red"},
{"id":620,"vin":"3VWC17AU3FM706791","make":"BMW","model":"5-series","year":2020,"color":"silver"},
{"id":621,"vin":"2HNYD28467H590019","make":"BMW","model":"m-series","year":2019,"color":"black"},
{"id":622,"vin":"19UUA66225A879854","make":"BMW","model":"5-series","year":2018,"color":"black"},
{"id":623,"vin":"NM0KS6BN1AT999899","make":"BMW","model":"x1","year":2018,"color":"black"},
{"id":624,"vin":"WBAXA5C53FD189631","make":"BMW","model":"5-series","year":2017,"color":"black"},
{"id":625,"vin":"JTEBU4BF1AK862814","make":"BMW","model":"3-series","year":2014,"color":"black"},
{"id":626,"vin":"3D7JV1EP8BG218533","make":"BMW","model":"m-series","year":2017,"color":"white"},
{"id":627,"vin":"19UUA655X6A791468","make":"BMW","model":"3-series","year":2018,"color":"silver"},
{"id":628,"vin":"SCFBB04C99G566249","make":"BMW","model":"5-series","year":2019,"color":"brown"},
{"id":629,"vin":"WAUAC48H76K621940","make":"BMW","model":"x5","year":2020,"color":"black"},
{"id":630,"vin":"ML32A3HJ1EH902351","make":"BMW","model":"x1","year":2015,"color":"red"},
{"id":631,"vin":"3VWKX7AJ4CM204710","make":"BMW","model":"6-series","year":2019,"color":"red"},
{"id":632,"vin":"WAUVFAFH3AN429061","make":"BMW","model":"3-series","year":2017,"color":"blue"},
{"id":633,"vin":"1NXBU4EE0AZ198612","make":"BMW","model":"x4","year":2019,"color":"white"},
{"id":634,"vin":"1G6AB5R34D0950587","make":"BMW","model":"x1","year":2020,"color":"black"},
{"id":635,"vin":"YV1612FH8D2483628","make":"BMW","model":"6-series","year":2018,"color":"silver"},
{"id":636,"vin":"WBA3N5C59EF897744","make":"BMW","model":"6-series","year":2020,"color":"blue"},
{"id":637,"vin":"2C3CDXHG8DH243766","make":"BMW","model":"5-series","year":2018,"color":"blue"},
{"id":638,"vin":"1C4RDHEG4CC816826","make":"BMW","model":"x1","year":2018,"color":"red"},
{"id":639,"vin":"1G6AJ5S30E0964727","make":"BMW","model":"x3","year":2020,"color":"red"},
{"id":640,"vin":"1G4GE5E33CF736699","make":"BMW","model":"m-series","year":2016,"color":"space grey"},
{"id":641,"vin":"WDDLJ6FB1FA868216","make":"BMW","model":"3-series","year":2020,"color":"blue"},
{"id":642,"vin":"JH4KB16577C053412","make":"BMW","model":"x5","year":2017,"color":"red"},
{"id":643,"vin":"1G6EL12Y71B591510","make":"BMW","model":"x4","year":2017,"color":"white"},
{"id":644,"vin":"2G4GT5GR4D9027250","make":"BMW","model":"x3","year":2019,"color":"space grey"},
{"id":645,"vin":"WBA4A7C53FG413929","make":"BMW","model":"x5","year":2015,"color":"silver"},
{"id":646,"vin":"1GD312CG3EF456511","make":"BMW","model":"6-series","year":2017,"color":"white"},
{"id":647,"vin":"WBXPC93408W198454","make":"BMW","model":"x1","year":2017,"color":"red"},
{"id":648,"vin":"1C3CCBAB9CN438690","make":"BMW","model":"6-series","year":2018,"color":"blue"},
{"id":649,"vin":"1VWAS7A35FC663150","make":"BMW","model":"3-series","year":2019,"color":"silver"},
{"id":650,"vin":"2HKRM3H31DH487584","make":"BMW","model":"x1","year":2014,"color":"brown"},
{"id":651,"vin":"5FPYK1F45CB476285","make":"BMW","model":"6-series","year":2016,"color":"red"},
{"id":652,"vin":"WDDHF5KBXEA602456","make":"BMW","model":"x3","year":2017,"color":"blue"},
{"id":653,"vin":"WBAEH73445C402970","make":"BMW","model":"3-series","year":2018,"color":"space grey"},
{"id":654,"vin":"19UUA9F29BA537900","make":"BMW","model":"m-series","year":2020,"color":"silver"},
{"id":655,"vin":"2C3CDZAT0FH519735","make":"BMW","model":"6-series","year":2015,"color":"blue"},
{"id":656,"vin":"JTHBP5C25C5989482","make":"BMW","model":"x4","year":2017,"color":"brown"},
{"id":657,"vin":"JN8AE2KP5F9635770","make":"BMW","model":"5-series","year":2018,"color":"silver"},
{"id":658,"vin":"JN8AF5MV2FT224128","make":"BMW","model":"5-series","year":2016,"color":"red"},
{"id":659,"vin":"WAUWFBFL1CA232950","make":"BMW","model":"m-series","year":2017,"color":"black"},
{"id":660,"vin":"1C3CCBBB5EN958175","make":"BMW","model":"x1","year":2014,"color":"blue"},
{"id":661,"vin":"JN1BV7AP5FM884844","make":"BMW","model":"x3","year":2019,"color":"space grey"},
{"id":662,"vin":"4A31K5DF7CE330071","make":"BMW","model":"5-series","year":2020,"color":"brown"},
{"id":663,"vin":"JHMZF1C63FS002106","make":"BMW","model":"3-series","year":2016,"color":"white"},
{"id":664,"vin":"JTMHY7AJ7E4352309","make":"BMW","model":"m-series","year":2020,"color":"brown"},
{"id":665,"vin":"WBANF73567C035121","make":"BMW","model":"5-series","year":2019,"color":"red"},
{"id":666,"vin":"JTDBT4K3XA1339410","make":"BMW","model":"x5","year":2017,"color":"blue"},
{"id":667,"vin":"1GYS4JEF1ER944967","make":"BMW","model":"x5","year":2014,"color":"space grey"},
{"id":668,"vin":"3C6JD6EP5CG806599","make":"BMW","model":"x3","year":2017,"color":"black"},
{"id":669,"vin":"SCBLC37F65C438787","make":"BMW","model":"x4","year":2019,"color":"brown"},
{"id":670,"vin":"WBAPM73579E906162","make":"BMW","model":"5-series","year":2019,"color":"space grey"},
{"id":671,"vin":"WBAUN13539V595276","make":"BMW","model":"m-series","year":2016,"color":"black"},
{"id":672,"vin":"JTHBE1D23E5030789","make":"BMW","model":"x5","year":2019,"color":"space grey"},
{"id":673,"vin":"2LMHJ5AT3EB993909","make":"BMW","model":"5-series","year":2014,"color":"blue"},
{"id":674,"vin":"WAULD54B34N818743","make":"BMW","model":"x5","year":2019,"color":"silver"},
{"id":675,"vin":"WDDHF8JB0DA081992","make":"BMW","model":"6-series","year":2014,"color":"space grey"},
{"id":676,"vin":"5N1AN0NW0FN731506","make":"BMW","model":"5-series","year":2018,"color":"blue"},
{"id":677,"vin":"YV4852CZ1B1482630","make":"BMW","model":"3-series","year":2020,"color":"white"},
{"id":678,"vin":"WBSDE93482C415258","make":"BMW","model":"m-series","year":2015,"color":"brown"},
{"id":679,"vin":"WAUKF78E57A770275","make":"BMW","model":"x3","year":2014,"color":"red"},
{"id":680,"vin":"3C6TD4DTXCG540315","make":"BMW","model":"5-series","year":2014,"color":"red"},
{"id":681,"vin":"1C4NJPBAXDD800305","make":"BMW","model":"x5","year":2017,"color":"blue"},
{"id":682,"vin":"WA1LYBFE6AD855262","make":"BMW","model":"3-series","year":2017,"color":"blue"},
{"id":683,"vin":"1G6KS54Y42U625208","make":"BMW","model":"m-series","year":2017,"color":"black"},
{"id":684,"vin":"2T2BK1BA3EC704409","make":"BMW","model":"5-series","year":2015,"color":"silver"},
{"id":685,"vin":"2HNYD18824H387086","make":"BMW","model":"5-series","year":2015,"color":"brown"},
{"id":686,"vin":"WAUMFAFR1EA229880","make":"BMW","model":"m-series","year":2020,"color":"red"},
{"id":687,"vin":"SAJWA6BU8F8997691","make":"BMW","model":"x4","year":2015,"color":"brown"},
{"id":688,"vin":"3D73Y3HL7AG836994","make":"BMW","model":"6-series","year":2019,"color":"space grey"},
{"id":689,"vin":"WBA5M4C57ED204073","make":"BMW","model":"x1","year":2019,"color":"red"},
{"id":690,"vin":"1G6DM5E37D0100577","make":"BMW","model":"x1","year":2019,"color":"brown"},
{"id":691,"vin":"3VW8S7AT2FM395073","make":"BMW","model":"m-series","year":2014,"color":"black"},
{"id":692,"vin":"WBANN73506B599449","make":"BMW","model":"6-series","year":2014,"color":"silver"},
{"id":693,"vin":"1G6DV1EP2E0795481","make":"BMW","model":"3-series","year":2016,"color":"space grey"},
{"id":694,"vin":"JM3ER2A55B0090614","make":"BMW","model":"3-series","year":2016,"color":"blue"},
{"id":695,"vin":"JTHBL5EF1F5157895","make":"BMW","model":"x3","year":2016,"color":"black"},
{"id":696,"vin":"1GTN1UEH5FZ999048","make":"BMW","model":"x1","year":2014,"color":"brown"},
{"id":697,"vin":"WBA3N5C52EF892014","make":"BMW","model":"x1","year":2020,"color":"white"},
{"id":698,"vin":"2LMHJ5AT4CB770792","make":"BMW","model":"x1","year":2015,"color":"silver"},
{"id":699,"vin":"3VWKZ7AJ6BM436413","make":"BMW","model":"x4","year":2020,"color":"black"},
{"id":700,"vin":"JM1GJ1U59F1527982","make":"BMW","model":"x3","year":2014,"color":"red"},
{"id":701,"vin":"SALCR2BG7FH452491","make":"BMW","model":"x5","year":2017,"color":"black"},
{"id":702,"vin":"1HGCR2E36DA924221","make":"BMW","model":"x3","year":2018,"color":"black"},
{"id":703,"vin":"5NPEB4AC4BH963523","make":"BMW","model":"3-series","year":2016,"color":"red"},
{"id":704,"vin":"1GKKRNED5CJ870644","make":"BMW","model":"x1","year":2020,"color":"silver"},
{"id":705,"vin":"JN8AE2KP3E9587569","make":"BMW","model":"m-series","year":2016,"color":"black"},
{"id":706,"vin":"WUAW2AFC7EN195930","make":"BMW","model":"x5","year":2020,"color":"blue"},
{"id":707,"vin":"JH4CL95945C562357","make":"BMW","model":"x4","year":2020,"color":"blue"},
{"id":708,"vin":"NM0AE8F74F1751157","make":"BMW","model":"x5","year":2016,"color":"space grey"},
{"id":709,"vin":"1GKS1AE0XCR702982","make":"BMW","model":"3-series","year":2017,"color":"red"},
{"id":710,"vin":"2LMHJ5AR5BB508332","make":"BMW","model":"6-series","year":2019,"color":"black"},
{"id":711,"vin":"1VWAH7A35EC392877","make":"BMW","model":"6-series","year":2014,"color":"blue"},
{"id":712,"vin":"JTHBE1BL5FA820163","make":"BMW","model":"3-series","year":2020,"color":"white"},
{"id":713,"vin":"3GYFNCE33FS667415","make":"BMW","model":"m-series","year":2020,"color":"blue"},
{"id":714,"vin":"WVWED7AJ0CW501403","make":"BMW","model":"m-series","year":2020,"color":"blue"},
{"id":715,"vin":"WAU2GBFC2EN713135","make":"BMW","model":"x4","year":2017,"color":"silver"},
{"id":716,"vin":"1FTEX1CW7AK314724","make":"BMW","model":"m-series","year":2019,"color":"space grey"},
{"id":717,"vin":"1GYFK43559R139658","make":"BMW","model":"6-series","year":2019,"color":"white"},
{"id":718,"vin":"WBALM5C53BE397115","make":"BMW","model":"5-series","year":2018,"color":"brown"},
{"id":719,"vin":"1N6AA0CJ5EN218240","make":"BMW","model":"x4","year":2017,"color":"black"},
{"id":720,"vin":"WAUTFAFH8DN431500","make":"BMW","model":"5-series","year":2020,"color":"black"},
{"id":721,"vin":"2T2BK1BA5EC776759","make":"BMW","model":"6-series","year":2018,"color":"black"},
{"id":722,"vin":"WBAVL1C51DV467931","make":"BMW","model":"x5","year":2015,"color":"brown"},
{"id":723,"vin":"5N1AN0NUXCC274838","make":"BMW","model":"5-series","year":2016,"color":"space grey"},
{"id":724,"vin":"WAULT64B64N355764","make":"BMW","model":"6-series","year":2015,"color":"red"},
{"id":725,"vin":"1C3BCBFG3CN321414","make":"BMW","model":"x1","year":2016,"color":"space grey"},
{"id":726,"vin":"1G4GD5GD0BF829123","make":"BMW","model":"5-series","year":2018,"color":"silver"},
{"id":727,"vin":"5GAKVBKD3DJ538506","make":"BMW","model":"m-series","year":2019,"color":"black"},
{"id":728,"vin":"2G61R5S36F9720564","make":"BMW","model":"x3","year":2020,"color":"black"},
{"id":729,"vin":"SCBGH3ZA8FC513365","make":"BMW","model":"x5","year":2014,"color":"brown"},
{"id":730,"vin":"WAUGN94F89N172907","make":"BMW","model":"x5","year":2016,"color":"red"},
{"id":731,"vin":"2HNYD18984H270220","make":"BMW","model":"5-series","year":2014,"color":"silver"},
{"id":732,"vin":"5TDDK3DC3FS294582","make":"BMW","model":"5-series","year":2015,"color":"black"},
{"id":733,"vin":"5J8TB3H37EL439176","make":"BMW","model":"5-series","year":2019,"color":"black"},
{"id":734,"vin":"4USCK73462L506121","make":"BMW","model":"m-series","year":2014,"color":"brown"},
{"id":735,"vin":"SCBZB25EX2C109104","make":"BMW","model":"5-series","year":2016,"color":"white"},
{"id":736,"vin":"1GD22ZCG3CZ309506","make":"BMW","model":"x5","year":2015,"color":"red"},
{"id":737,"vin":"WAUJF78K69N353471","make":"BMW","model":"3-series","year":2014,"color":"blue"},
{"id":738,"vin":"2HNYD2H62DH250234","make":"BMW","model":"x4","year":2020,"color":"silver"},
{"id":739,"vin":"3C6JD6EP8CG517541","make":"BMW","model":"5-series","year":2018,"color":"silver"},
{"id":740,"vin":"WBAWB3C54AP702518","make":"BMW","model":"x4","year":2016,"color":"white"},
{"id":741,"vin":"1D4PT4GX1BW597226","make":"BMW","model":"6-series","year":2016,"color":"red"},
{"id":742,"vin":"WAUHGBFC1CN630545","make":"BMW","model":"x1","year":2018,"color":"blue"},
{"id":743,"vin":"WA19FAFL5DA683949","make":"BMW","model":"x5","year":2020,"color":"brown"},
{"id":744,"vin":"5N1AA0NC2DN817429","make":"BMW","model":"x5","year":2017,"color":"silver"},
{"id":745,"vin":"1G6AB5SX9E0866120","make":"BMW","model":"x1","year":2014,"color":"black"},
{"id":746,"vin":"WAUVT58E92A563455","make":"BMW","model":"x5","year":2018,"color":"silver"},
{"id":747,"vin":"WAUMGAFL8CA153581","make":"BMW","model":"5-series","year":2019,"color":"brown"},
{"id":748,"vin":"WVGEG9BP4CD489222","make":"BMW","model":"x5","year":2020,"color":"red"},
{"id":749,"vin":"WAUHF98P49A594975","make":"BMW","model":"x5","year":2019,"color":"space grey"},
{"id":750,"vin":"WBANF33556B426581","make":"BMW","model":"x1","year":2015,"color":"space grey"},
{"id":751,"vin":"1D7CW2BK8AS932318","make":"BMW","model":"5-series","year":2017,"color":"black"},
{"id":752,"vin":"WP0CA2A84FS669735","make":"BMW","model":"x4","year":2018,"color":"red"},
{"id":753,"vin":"WAUVC58E85A738847","make":"BMW","model":"x4","year":2018,"color":"red"},
{"id":754,"vin":"1GD312CG7EF319376","make":"BMW","model":"m-series","year":2017,"color":"white"},
{"id":755,"vin":"WA1YL64B35N546739","make":"BMW","model":"x4","year":2018,"color":"blue"},
{"id":756,"vin":"WDDHF5KB9EA723396","make":"BMW","model":"x5","year":2020,"color":"space grey"},
{"id":757,"vin":"JTEBU5JR4A5503974","make":"BMW","model":"6-series","year":2018,"color":"silver"},
{"id":758,"vin":"19UUA9F55EA232912","make":"BMW","model":"x5","year":2015,"color":"blue"},
{"id":759,"vin":"WBSWD93589P161350","make":"BMW","model":"x3","year":2016,"color":"red"},
{"id":760,"vin":"TRUVD38J891160567","make":"BMW","model":"3-series","year":2020,"color":"silver"},
{"id":761,"vin":"KMHFC4DD0AA105246","make":"BMW","model":"5-series","year":2020,"color":"space grey"},
{"id":762,"vin":"WBA3T7C59FP905774","make":"BMW","model":"6-series","year":2016,"color":"blue"},
{"id":763,"vin":"WBANF73546C833129","make":"BMW","model":"m-series","year":2017,"color":"white"},
{"id":764,"vin":"2HNYD18633H748161","make":"BMW","model":"3-series","year":2016,"color":"brown"},
{"id":765,"vin":"WBA3G7C51FK321709","make":"BMW","model":"5-series","year":2020,"color":"silver"},
{"id":766,"vin":"3GYFNFE34ES585774","make":"BMW","model":"x3","year":2020,"color":"black"},
{"id":767,"vin":"3C3CFFDR7CT849366","make":"BMW","model":"m-series","year":2020,"color":"space grey"},
{"id":768,"vin":"WA1LMBFE4ED226939","make":"BMW","model":"3-series","year":2018,"color":"black"},
{"id":769,"vin":"YV4902DZ1D2698296","make":"BMW","model":"3-series","year":2014,"color":"white"},
{"id":770,"vin":"JTDKTUD35ED977856","make":"BMW","model":"3-series","year":2020,"color":"blue"},
{"id":771,"vin":"2G4WS55JX51071135","make":"BMW","model":"x5","year":2014,"color":"white"},
{"id":772,"vin":"SCFEBBDL7EG169822","make":"BMW","model":"x1","year":2014,"color":"blue"},
{"id":773,"vin":"WAUKF98E16A874157","make":"BMW","model":"x5","year":2017,"color":"white"},
{"id":774,"vin":"JTHBP5C23C5407556","make":"BMW","model":"x4","year":2020,"color":"silver"},
{"id":775,"vin":"JTHDU1EF8E5068676","make":"BMW","model":"5-series","year":2017,"color":"black"},
{"id":776,"vin":"KMHTC6AD7EU300574","make":"BMW","model":"6-series","year":2015,"color":"black"},
{"id":777,"vin":"1G4PR5SK9E4992117","make":"BMW","model":"3-series","year":2016,"color":"black"},
{"id":778,"vin":"SCFEDEAN9CG782278","make":"BMW","model":"x3","year":2017,"color":"space grey"},
{"id":779,"vin":"WAUDF78E18A862610","make":"BMW","model":"6-series","year":2020,"color":"red"},
{"id":780,"vin":"WBAEW53475P343481","make":"BMW","model":"x3","year":2017,"color":"white"},
{"id":781,"vin":"WBSDE93422C815476","make":"BMW","model":"5-series","year":2017,"color":"silver"},
{"id":782,"vin":"2G4WS55JX51040323","make":"BMW","model":"x1","year":2019,"color":"blue"},
{"id":783,"vin":"SCFAB42343K569232","make":"BMW","model":"m-series","year":2016,"color":"space grey"},
{"id":784,"vin":"1FTWX3A54AE443626","make":"BMW","model":"5-series","year":2016,"color":"black"},
{"id":785,"vin":"WAURFAFR1DA559801","make":"BMW","model":"x4","year":2017,"color":"space grey"},
{"id":786,"vin":"WVGFG9BP1CD584003","make":"BMW","model":"x5","year":2017,"color":"red"},
{"id":787,"vin":"JM3ER2W32A0690416","make":"BMW","model":"x1","year":2018,"color":"red"},
{"id":788,"vin":"WAUMF98P36A432944","make":"BMW","model":"m-series","year":2014,"color":"brown"},
{"id":789,"vin":"1GYS3JEF1DR736301","make":"BMW","model":"x4","year":2019,"color":"space grey"},
{"id":790,"vin":"1G4GE5E37CF318954","make":"BMW","model":"6-series","year":2014,"color":"blue"},
{"id":791,"vin":"SCBCR63W55C961739","make":"BMW","model":"6-series","year":2017,"color":"blue"},
{"id":792,"vin":"SCFEBBAC2AG544465","make":"BMW","model":"3-series","year":2016,"color":"space grey"},
{"id":793,"vin":"YV1952AS3D1695136","make":"BMW","model":"x5","year":2020,"color":"space grey"},
{"id":794,"vin":"5UXWX9C51F0616606","make":"BMW","model":"x3","year":2015,"color":"brown"},
{"id":795,"vin":"SCBFU7ZA0DC582336","make":"BMW","model":"x4","year":2014,"color":"blue"},
{"id":796,"vin":"SCBDR33W08C807544","make":"BMW","model":"m-series","year":2018,"color":"red"},
{"id":797,"vin":"1GD01ZCGXBF026305","make":"BMW","model":"x3","year":2015,"color":"red"},
{"id":798,"vin":"KNAGM4AD9D5984251","make":"BMW","model":"5-series","year":2019,"color":"blue"},
{"id":799,"vin":"3VWF17AT3FM520950","make":"BMW","model":"6-series","year":2019,"color":"red"},
{"id":800,"vin":"1GD12ZCG1CF142673","make":"BMW","model":"3-series","year":2017,"color":"brown"},
{"id":801,"vin":"WVGEF9BP5FD310502","make":"BMW","model":"x5","year":2014,"color":"silver"},
{"id":802,"vin":"JN1AZ4EH6FM774158","make":"BMW","model":"3-series","year":2020,"color":"white"},
{"id":803,"vin":"1GD12XEGXFF497878","make":"BMW","model":"m-series","year":2019,"color":"space grey"},
{"id":804,"vin":"1C4NJPBA1DD187362","make":"BMW","model":"5-series","year":2017,"color":"red"},
{"id":805,"vin":"JN8AZ1MU8CW074091","make":"BMW","model":"x3","year":2020,"color":"white"},
{"id":806,"vin":"5J8TB2H2XAA384892","make":"BMW","model":"x1","year":2019,"color":"red"},
{"id":807,"vin":"SCBLC37F65C446369","make":"BMW","model":"x4","year":2017,"color":"brown"},
{"id":808,"vin":"SCBFC7ZA3DC765040","make":"BMW","model":"m-series","year":2020,"color":"black"},
{"id":809,"vin":"WBAVD53557A020065","make":"BMW","model":"3-series","year":2014,"color":"white"},
{"id":810,"vin":"1GKUCKE0XAR682349","make":"BMW","model":"3-series","year":2016,"color":"space grey"},
{"id":811,"vin":"3VW517AT9FM354560","make":"BMW","model":"m-series","year":2019,"color":"silver"},
{"id":812,"vin":"WBSBR93463P873919","make":"BMW","model":"5-series","year":2015,"color":"red"},
{"id":813,"vin":"JTEBU5JR4A5658878","make":"BMW","model":"x4","year":2020,"color":"silver"},
{"id":814,"vin":"3D4PH9FV0AT150633","make":"BMW","model":"6-series","year":2016,"color":"red"},
{"id":815,"vin":"1D4PU4GK3BW736063","make":"BMW","model":"5-series","year":2015,"color":"blue"},
{"id":816,"vin":"JH4CU256X9C464675","make":"BMW","model":"m-series","year":2018,"color":"blue"},
{"id":817,"vin":"1C4RJEAG6EC136426","make":"BMW","model":"x1","year":2017,"color":"silver"},
{"id":818,"vin":"WBA3A9C54EK800556","make":"BMW","model":"x5","year":2014,"color":"brown"},
{"id":819,"vin":"1FTMF1E88AF341484","make":"BMW","model":"x1","year":2015,"color":"silver"},
{"id":820,"vin":"JM3ER2W34A0853390","make":"BMW","model":"m-series","year":2016,"color":"white"},
{"id":821,"vin":"1G4HF5EM0AU988946","make":"BMW","model":"x4","year":2016,"color":"black"},
{"id":822,"vin":"JN1EY1AP0DM237878","make":"BMW","model":"x1","year":2014,"color":"red"},
{"id":823,"vin":"WA1CGCFE2BD655943","make":"BMW","model":"x4","year":2014,"color":"red"},
{"id":824,"vin":"2B3CA3CV5AH760653","make":"BMW","model":"x1","year":2014,"color":"silver"},
{"id":825,"vin":"1D4PU4GK4AW123058","make":"BMW","model":"x3","year":2015,"color":"brown"},
{"id":826,"vin":"WAUHF78P78A911585","make":"BMW","model":"5-series","year":2016,"color":"black"},
{"id":827,"vin":"SCFEFBAC5AG504224","make":"BMW","model":"m-series","year":2015,"color":"red"},
{"id":828,"vin":"WAUSF98K09N774473","make":"BMW","model":"x5","year":2018,"color":"red"},
{"id":829,"vin":"KM8JT3AB0CU853066","make":"BMW","model":"m-series","year":2020,"color":"white"},
{"id":830,"vin":"WVGAV7AX3AW887095","make":"BMW","model":"3-series","year":2016,"color":"blue"},
{"id":831,"vin":"1G6AY5S39F0310998","make":"BMW","model":"3-series","year":2019,"color":"white"},
{"id":832,"vin":"2C3CA9CT1AH715116","make":"BMW","model":"x5","year":2015,"color":"brown"},
{"id":833,"vin":"1N6AA0CC5DN010939","make":"BMW","model":"6-series","year":2020,"color":"black"},
{"id":834,"vin":"1C3BCBEB2EN449460","make":"BMW","model":"6-series","year":2018,"color":"blue"},
{"id":835,"vin":"WAUHFAFL0EA118458","make":"BMW","model":"6-series","year":2016,"color":"silver"},
{"id":836,"vin":"WP0AA2A91BS491308","make":"BMW","model":"6-series","year":2015,"color":"space grey"},
{"id":837,"vin":"5UXFB33533L642520","make":"BMW","model":"x4","year":2019,"color":"blue"},
{"id":838,"vin":"JTDBT4K39C1060338","make":"BMW","model":"5-series","year":2018,"color":"black"},
{"id":839,"vin":"1B3CB9HA6AD267177","make":"BMW","model":"x4","year":2020,"color":"white"},
{"id":840,"vin":"1ZVBP8JZ8E5411167","make":"BMW","model":"x3","year":2014,"color":"white"},
{"id":841,"vin":"5N1AT2ML5FC112081","make":"BMW","model":"x5","year":2018,"color":"brown"},
{"id":842,"vin":"KMHGH4JFXBU068153","make":"BMW","model":"3-series","year":2018,"color":"black"},
{"id":843,"vin":"5XYKT3A10CG656836","make":"BMW","model":"x5","year":2014,"color":"black"},
{"id":844,"vin":"SCFEBBAC4AG183921","make":"BMW","model":"6-series","year":2018,"color":"blue"},
{"id":845,"vin":"WBALM5C57AE793059","make":"BMW","model":"3-series","year":2014,"color":"silver"},
{"id":846,"vin":"KM8JT3AC0AU808666","make":"BMW","model":"x4","year":2020,"color":"red"},
{"id":847,"vin":"WAUXL58E34A722532","make":"BMW","model":"x4","year":2017,"color":"space grey"},
{"id":848,"vin":"3FAHP0DC4BR764378","make":"BMW","model":"6-series","year":2015,"color":"black"},
{"id":849,"vin":"JM1CW2BL2D0379958","make":"BMW","model":"5-series","year":2016,"color":"black"},
{"id":850,"vin":"2B3CK8CT7AH209326","make":"BMW","model":"6-series","year":2019,"color":"blue"},
{"id":851,"vin":"1FTWW3A59AE338731","make":"BMW","model":"x1","year":2016,"color":"brown"},
{"id":852,"vin":"KM8JT3AB9BU150869","make":"BMW","model":"x1","year":2020,"color":"black"},
{"id":853,"vin":"SCBDC47LX7C677732","make":"BMW","model":"5-series","year":2018,"color":"blue"},
{"id":854,"vin":"2C3CDXFGXFH496853","make":"BMW","model":"x5","year":2020,"color":"red"},
{"id":855,"vin":"JH4CL96905C954685","make":"BMW","model":"3-series","year":2018,"color":"silver"},
{"id":856,"vin":"3MZBM1L73EM222738","make":"BMW","model":"x3","year":2017,"color":"space grey"},
{"id":857,"vin":"3MZBM1K78FM778742","make":"BMW","model":"3-series","year":2018,"color":"black"},
{"id":858,"vin":"JH4KB16358C251468","make":"BMW","model":"6-series","year":2016,"color":"black"},
{"id":859,"vin":"5FRYD4H95GB255271","make":"BMW","model":"x3","year":2014,"color":"blue"},
{"id":860,"vin":"WAUDF98E47A798878","make":"BMW","model":"x5","year":2019,"color":"white"},
{"id":861,"vin":"WAUML64BX2N815817","make":"BMW","model":"x4","year":2016,"color":"silver"},
{"id":862,"vin":"WVWAN7AN8EE974229","make":"BMW","model":"5-series","year":2020,"color":"black"},
{"id":863,"vin":"1N6AF0LY9EN331042","make":"BMW","model":"x3","year":2014,"color":"space grey"},
{"id":864,"vin":"WAUUL98E76A274745","make":"BMW","model":"5-series","year":2016,"color":"space grey"},
{"id":865,"vin":"1G6KF57981U376483","make":"BMW","model":"x5","year":2016,"color":"space grey"},
{"id":866,"vin":"1G6DX67D560755956","make":"BMW","model":"x1","year":2014,"color":"blue"},
{"id":867,"vin":"1N4AB7AP5DN720329","make":"BMW","model":"5-series","year":2016,"color":"space grey"},
{"id":868,"vin":"5XYKT3A61EG320112","make":"BMW","model":"x1","year":2016,"color":"red"},
{"id":869,"vin":"WAUMK78K39A997431","make":"BMW","model":"x4","year":2019,"color":"silver"},
{"id":870,"vin":"WBAUN1C5XDV960173","make":"BMW","model":"3-series","year":2020,"color":"silver"},
{"id":871,"vin":"WBALM7C56BE216665","make":"BMW","model":"6-series","year":2017,"color":"white"},
{"id":872,"vin":"3GYFK66N24G988565","make":"BMW","model":"x5","year":2016,"color":"red"},
{"id":873,"vin":"1FTSW2B58AE118570","make":"BMW","model":"x3","year":2015,"color":"black"},
{"id":874,"vin":"1D4PT4GK8BW083071","make":"BMW","model":"m-series","year":2015,"color":"blue"},
{"id":875,"vin":"WAUFGAFC8DN317480","make":"BMW","model":"m-series","year":2015,"color":"red"},
{"id":876,"vin":"1G4CU541054046800","make":"BMW","model":"m-series","year":2018,"color":"white"},
{"id":877,"vin":"YV1612FS8E2102101","make":"BMW","model":"x3","year":2017,"color":"red"},
{"id":878,"vin":"1GYS3JKJ0FR558022","make":"BMW","model":"3-series","year":2020,"color":"blue"},
{"id":879,"vin":"WBAKG1C56BE320850","make":"BMW","model":"x1","year":2016,"color":"red"},
{"id":880,"vin":"3D7TT2CT4AG282457","make":"BMW","model":"x4","year":2016,"color":"silver"},
{"id":881,"vin":"5GADV23WX7D065702","make":"BMW","model":"m-series","year":2015,"color":"space grey"},
{"id":882,"vin":"KNDJT2A23D7872032","make":"BMW","model":"x1","year":2016,"color":"space grey"},
{"id":883,"vin":"WBABD53475P255071","make":"BMW","model":"m-series","year":2014,"color":"space grey"},
{"id":884,"vin":"1GYS3TKJXFR990368","make":"BMW","model":"x1","year":2014,"color":"space grey"},
{"id":885,"vin":"1N4AA5AP4DC809702","make":"BMW","model":"x4","year":2019,"color":"red"},
{"id":886,"vin":"JTHBK1EG9B2425236","make":"BMW","model":"x3","year":2014,"color":"space grey"},
{"id":887,"vin":"3FA6P0LU6ER069745","make":"BMW","model":"x3","year":2016,"color":"red"},
{"id":888,"vin":"WAU3VAFR2AA439008","make":"BMW","model":"5-series","year":2015,"color":"blue"},
{"id":889,"vin":"JM3TB2BV8D0059547","make":"BMW","model":"x1","year":2017,"color":"red"},
{"id":890,"vin":"WAUCVAFR7AA428280","make":"BMW","model":"6-series","year":2016,"color":"brown"},
{"id":891,"vin":"KMHHT6KD3DU592517","make":"BMW","model":"m-series","year":2019,"color":"space grey"},
{"id":892,"vin":"1G4GC5GR6CF133530","make":"BMW","model":"x5","year":2018,"color":"red"},
{"id":893,"vin":"1GYS4DEF2DR341865","make":"BMW","model":"m-series","year":2018,"color":"blue"},
{"id":894,"vin":"TRURD38J491466232","make":"BMW","model":"5-series","year":2018,"color":"space grey"},
{"id":895,"vin":"5UXZV4C5XD0887778","make":"BMW","model":"3-series","year":2018,"color":"space grey"},
{"id":896,"vin":"WAUKGAFB2AN656804","make":"BMW","model":"x5","year":2017,"color":"brown"},
{"id":897,"vin":"3VW467AT5CM349946","make":"BMW","model":"m-series","year":2018,"color":"silver"},
{"id":898,"vin":"1FTSS3EL6AD900478","make":"BMW","model":"x1","year":2016,"color":"silver"},
{"id":899,"vin":"WAUBNBFBXBN328091","make":"BMW","model":"x5","year":2017,"color":"white"},
{"id":900,"vin":"1J4RR4GG0BC995978","make":"BMW","model":"x1","year":2020,"color":"black"},
{"id":901,"vin":"JN1BJ0HR6EM849304","make":"BMW","model":"m-series","year":2018,"color":"white"},
{"id":902,"vin":"WBAVM1C5XFV483108","make":"BMW","model":"x4","year":2015,"color":"space grey"},
{"id":903,"vin":"JHMZE2H78ES788932","make":"BMW","model":"x3","year":2016,"color":"black"},
{"id":904,"vin":"3N1BC1AP1AL082510","make":"BMW","model":"3-series","year":2020,"color":"silver"},
{"id":905,"vin":"1G6DV5EP1A0607258","make":"BMW","model":"x3","year":2016,"color":"blue"},
{"id":906,"vin":"WVGAK7A91AD958199","make":"BMW","model":"x1","year":2016,"color":"red"},
{"id":907,"vin":"3VW517AT3EM871173","make":"BMW","model":"3-series","year":2019,"color":"space grey"},
{"id":908,"vin":"WDDGF4HB1EA010974","make":"BMW","model":"x1","year":2014,"color":"blue"},
{"id":909,"vin":"1FTSX2A50AE978431","make":"BMW","model":"x3","year":2016,"color":"space grey"},
{"id":910,"vin":"JN1AV7AR5FM780769","make":"BMW","model":"m-series","year":2017,"color":"black"},
{"id":911,"vin":"SCFAD01E09G554907","make":"BMW","model":"5-series","year":2016,"color":"black"},
{"id":912,"vin":"JTHKD5BH4B2489179","make":"BMW","model":"x4","year":2016,"color":"blue"},
{"id":913,"vin":"WBAGN63494D018641","make":"BMW","model":"3-series","year":2019,"color":"space grey"},
{"id":914,"vin":"WBAVA33588P750418","make":"BMW","model":"5-series","year":2015,"color":"silver"},
{"id":915,"vin":"1GYS4GEF6BR936748","make":"BMW","model":"x3","year":2016,"color":"silver"},
{"id":916,"vin":"1N6AD0CU3BC886112","make":"BMW","model":"x1","year":2017,"color":"red"},
{"id":917,"vin":"JTEBW3EH0A2520532","make":"BMW","model":"x4","year":2018,"color":"blue"},
{"id":918,"vin":"5GAER13708J328844","make":"BMW","model":"5-series","year":2019,"color":"blue"},
{"id":919,"vin":"2T3BF4DV5BW064943","make":"BMW","model":"m-series","year":2014,"color":"blue"},
{"id":920,"vin":"3D73M4CL7BG858567","make":"BMW","model":"m-series","year":2019,"color":"black"},
{"id":921,"vin":"1FTWW3B55AE388766","make":"BMW","model":"3-series","year":2019,"color":"space grey"},
{"id":922,"vin":"1G4PP5SK5C4151981","make":"BMW","model":"3-series","year":2015,"color":"brown"},
{"id":923,"vin":"3VW517AT2FM702120","make":"BMW","model":"3-series","year":2020,"color":"space grey"},
{"id":924,"vin":"YV126MFJXF1875923","make":"BMW","model":"3-series","year":2015,"color":"silver"},
{"id":925,"vin":"4T1BK1EB9EU953983","make":"BMW","model":"3-series","year":2018,"color":"brown"},
{"id":926,"vin":"1N6AA0EC9FN122899","make":"BMW","model":"6-series","year":2017,"color":"red"},
{"id":927,"vin":"2B3CJ5DT7BH462843","make":"BMW","model":"3-series","year":2014,"color":"blue"},
{"id":928,"vin":"JTDJTUD35DD329900","make":"BMW","model":"m-series","year":2017,"color":"space grey"},
{"id":929,"vin":"JH4NA21643T267791","make":"BMW","model":"6-series","year":2016,"color":"brown"},
{"id":930,"vin":"1GYFK33269R702426","make":"BMW","model":"x3","year":2015,"color":"silver"},
{"id":931,"vin":"1FTSW3B54AE255575","make":"BMW","model":"m-series","year":2015,"color":"space grey"},
{"id":932,"vin":"WBADW3C50DJ072662","make":"BMW","model":"m-series","year":2015,"color":"brown"},
{"id":933,"vin":"19UUA65514A681275","make":"BMW","model":"x1","year":2014,"color":"silver"},
{"id":934,"vin":"1GYFC56259R300126","make":"BMW","model":"3-series","year":2017,"color":"black"},
{"id":935,"vin":"WVGEF9BP8DD618471","make":"BMW","model":"x5","year":2019,"color":"black"},
{"id":936,"vin":"JH4KC1F53FC797150","make":"BMW","model":"6-series","year":2017,"color":"blue"},
{"id":937,"vin":"WBADS43463G212024","make":"BMW","model":"3-series","year":2018,"color":"silver"},
{"id":938,"vin":"TRURD38J881234859","make":"BMW","model":"m-series","year":2018,"color":"red"},
{"id":939,"vin":"WDDLJ7DB1DA247967","make":"BMW","model":"x3","year":2020,"color":"white"},
{"id":940,"vin":"SCBBP9ZA8DC429172","make":"BMW","model":"5-series","year":2014,"color":"white"},
{"id":941,"vin":"WBA5B3C58ED512935","make":"BMW","model":"x1","year":2019,"color":"space grey"},
{"id":942,"vin":"JH4KC1F34EC005911","make":"BMW","model":"m-series","year":2020,"color":"black"},
{"id":943,"vin":"WBAKF3C54DJ275321","make":"BMW","model":"x4","year":2020,"color":"silver"},
{"id":944,"vin":"1G6DL8EV6A0441938","make":"BMW","model":"x4","year":2014,"color":"silver"},
{"id":945,"vin":"KMHTC6AD8EU569487","make":"BMW","model":"m-series","year":2016,"color":"space grey"},
{"id":946,"vin":"1G6AY5S3XE0905373","make":"BMW","model":"x5","year":2016,"color":"red"},
{"id":947,"vin":"1G6DW6ED6B0935463","make":"BMW","model":"5-series","year":2016,"color":"brown"},
{"id":948,"vin":"WVGAV3AXXEW888484","make":"BMW","model":"5-series","year":2014,"color":"black"},
{"id":949,"vin":"1GD022CG5CZ010968","make":"BMW","model":"5-series","year":2019,"color":"red"},
{"id":950,"vin":"WP1AA2A23BL528075","make":"BMW","model":"x4","year":2020,"color":"brown"},
{"id":951,"vin":"1GD11ZCG5CF088376","make":"BMW","model":"3-series","year":2015,"color":"space grey"},
{"id":952,"vin":"SCBZK22E32C688828","make":"BMW","model":"x4","year":2014,"color":"blue"},
{"id":953,"vin":"WDDHF5KB2EA295980","make":"BMW","model":"x5","year":2015,"color":"silver"},
{"id":954,"vin":"3LN6L2LUXFR065339","make":"BMW","model":"x5","year":2014,"color":"space grey"},
{"id":955,"vin":"JN8AE2KP8C9718167","make":"BMW","model":"x4","year":2014,"color":"brown"},
{"id":956,"vin":"WAUML44E95N510697","make":"BMW","model":"x4","year":2020,"color":"brown"},
{"id":957,"vin":"WBA3D5C51EK467913","make":"BMW","model":"x1","year":2020,"color":"blue"},
{"id":958,"vin":"1G4GD5ERXCF128010","make":"BMW","model":"6-series","year":2019,"color":"black"},
{"id":959,"vin":"WBA6B8C57FD757115","make":"BMW","model":"m-series","year":2018,"color":"red"},
{"id":960,"vin":"1G6AP5SX4F0891137","make":"BMW","model":"m-series","year":2020,"color":"white"},
{"id":961,"vin":"3N1CE2CP0FL942406","make":"BMW","model":"x4","year":2015,"color":"brown"},
{"id":962,"vin":"5XYKT3A19CG807429","make":"BMW","model":"x4","year":2017,"color":"red"},
{"id":963,"vin":"1FMJK1H58EE101214","make":"BMW","model":"m-series","year":2020,"color":"white"},
{"id":964,"vin":"1GYFC162X9R745325","make":"BMW","model":"x3","year":2018,"color":"red"},
{"id":965,"vin":"JN1AZ4EH0FM997876","make":"BMW","model":"m-series","year":2018,"color":"brown"},
{"id":966,"vin":"SCFAB02A97G298605","make":"BMW","model":"3-series","year":2015,"color":"brown"},
{"id":967,"vin":"WBABD53474P946163","make":"BMW","model":"m-series","year":2018,"color":"white"},
{"id":968,"vin":"TRUUT28N521232892","make":"BMW","model":"x1","year":2017,"color":"silver"},
{"id":969,"vin":"JTDZN3EU7E3158332","make":"BMW","model":"x3","year":2016,"color":"white"},
{"id":970,"vin":"WAUMGAFL0BA505776","make":"BMW","model":"3-series","year":2016,"color":"blue"},
{"id":971,"vin":"WBAYE4C50ED244117","make":"BMW","model":"x5","year":2017,"color":"silver"},
{"id":972,"vin":"5N1AR1NB8BC750219","make":"BMW","model":"5-series","year":2015,"color":"red"},
{"id":973,"vin":"WBAFZ9C55DC386623","make":"BMW","model":"x3","year":2017,"color":"space grey"},
{"id":974,"vin":"KNAGM4AD0F5406901","make":"BMW","model":"x5","year":2016,"color":"white"},
{"id":975,"vin":"WA1VFAFL8EA448039","make":"BMW","model":"x1","year":2016,"color":"blue"},
{"id":976,"vin":"1G6AG5RX9E0671075","make":"BMW","model":"5-series","year":2020,"color":"silver"},
{"id":977,"vin":"JH4KB16658C151798","make":"BMW","model":"5-series","year":2017,"color":"silver"},
{"id":978,"vin":"5N1AA0NC6DN998146","make":"BMW","model":"m-series","year":2017,"color":"space grey"},
{"id":979,"vin":"1N4AL2APXBN796464","make":"BMW","model":"x3","year":2019,"color":"brown"},
{"id":980,"vin":"3D4PG1FG7BT932497","make":"BMW","model":"x3","year":2019,"color":"red"},
{"id":981,"vin":"KM8JT3AC6AU695998","make":"BMW","model":"x5","year":2019,"color":"white"},
{"id":982,"vin":"WBY2Z2C58FV188794","make":"BMW","model":"x1","year":2019,"color":"black"},
{"id":983,"vin":"JH4CL96865C029044","make":"BMW","model":"x5","year":2015,"color":"blue"},
{"id":984,"vin":"TRUSC28N221301481","make":"BMW","model":"x5","year":2016,"color":"red"},
{"id":985,"vin":"JTEBU5JR0E5817398","make":"BMW","model":"x1","year":2015,"color":"brown"},
{"id":986,"vin":"1GYS3PKJ3FR891317","make":"BMW","model":"x5","year":2018,"color":"brown"},
{"id":987,"vin":"4T1BD1FK6EU314209","make":"BMW","model":"x4","year":2017,"color":"black"},
{"id":988,"vin":"1G6AB5SAXF0703568","make":"BMW","model":"m-series","year":2016,"color":"silver"},
{"id":989,"vin":"SAJWA1CB0CL156716","make":"BMW","model":"3-series","year":2020,"color":"blue"},
{"id":990,"vin":"NM0AE8F73E1130121","make":"BMW","model":"x5","year":2015,"color":"brown"},
{"id":991,"vin":"1G6DN57S750333300","make":"BMW","model":"3-series","year":2016,"color":"brown"},
{"id":992,"vin":"WAULFAFH3BN172587","make":"BMW","model":"x1","year":2017,"color":"black"},
{"id":993,"vin":"5N1AA0NC2DN737483","make":"BMW","model":"5-series","year":2016,"color":"silver"},
{"id":994,"vin":"1G6AB5S32F0565168","make":"BMW","model":"6-series","year":2016,"color":"red"},
{"id":995,"vin":"WBAYB6C56ED840787","make":"BMW","model":"x5","year":2017,"color":"blue"},
{"id":996,"vin":"JH4KC1F38EC732016","make":"BMW","model":"x3","year":2020,"color":"silver"},
{"id":997,"vin":"WAUDG78E86A015027","make":"BMW","model":"6-series","year":2018,"color":"red"},
{"id":998,"vin":"5LMJJ2H54EE986794","make":"BMW","model":"x5","year":2020,"color":"blue"},
{"id":999,"vin":"WAUDH78E08A130561","make":"BMW","model":"5-series","year":2016,"color":"white"},
{"id":1000,"vin":"KNAFK4A68F5491019","make":"BMW","model":"3-series","year":2014,"color":"black"}]